{
  "drinks": [
    {
      "idDrink": "12798",
      "strDrink": "Coffee Liqueur",
      "strDrinkAlternate": null,
      "strTags": null,
      "strVideo": null,
      "strCategory": "Homemade Liqueur",
      "strIBA": null,
      "strAlcoholic": "Alcoholic",
      "strGlass": "Collins Glass",
      "strInstructions": "Combine coffee, sugar and water. Simmer 1 hour and let cool. Add vanilla and vodka. Age in sealed jar 2 to 3 weeks.",
      "strInstructionsES": null,
      "strInstructionsDE": "Kaffee, Zucker und Wasser mischen. 1 Stunde k\u00f6cheln lassen und abk\u00fchlen lassen. F\u00fcge Vanille und Wodka hinzu. Im verschlossenen Glas 2 bis 3 Wochen reifen lassen.",
      "strInstructionsFR": null,
      "strInstructionsIT": "Unisci caff\u00e8, zucchero e acqua. Fate bollire 1 ora e lasciate raffreddare. Aggiungi la vaniglia e la vodka. Invecchiare in un barattolo sigillato da 2 a 3 settimane.",
      "strInstructionsZH-HANS": null,
      "strInstructionsZH-HANT": null,
      "strDrinkThumb": "https:\/\/www.thecocktaildb.com\/images\/media\/drink\/ryvtsu1441253851.jpg",
      "strIngredient1": "Coffee",
      "strIngredient2": "Vanilla extract",
      "strIngredient3": "Sugar",
      "strIngredient4": "Vodka",
      "strIngredient5": "Water",
      "strIngredient6": null,
      "strIngredient7": null,
      "strIngredient8": null,
      "strIngredient9": null,
      "strIngredient10": null,
      "strIngredient11": null,
      "strIngredient12": null,
      "strIngredient13": null,
      "strIngredient14": null,
      "strIngredient15": null,
      "strMeasure1": "10 tblsp instant ",
      "strMeasure2": "4 tblsp ",
      "strMeasure3": "2 1\/2 cups ",
      "strMeasure4": "1 qt ",
      "strMeasure5": "2 1\/2 cups ",
      "strMeasure6": null,
      "strMeasure7": null,
      "strMeasure8": null,
      "strMeasure9": null,
      "strMeasure10": null,
      "strMeasure11": null,
      "strMeasure12": null,
      "strMeasure13": null,
      "strMeasure14": null,
      "strMeasure15": null,
      "strImageSource": null,
      "strImageAttribution": null,
      "strCreativeCommonsConfirmed": "No",
      "dateModified": "2015-09-03 05:17:31"
    },
    {
      "idDrink": "16995",
      "strDrink": "Orange Whip",
      "strDrinkAlternate": null,
      "strTags": null,
      "strVideo": null,
      "strCategory": "Other \/ Unknown",
      "strIBA": null,
      "strAlcoholic": "Alcoholic",
      "strGlass": "Collins Glass",
      "strInstructions": "Pour ingredients over ice and stir.",
      "strInstructionsES": null,
      "strInstructionsDE": "Zutaten \u00fcber Eis gie\u00dfen und umr\u00fchren.",
      "strInstructionsFR": null,
      "strInstructionsIT": "Versare gli ingredienti sul ghiaccio e mescolare.",
      "strInstructionsZH-HANS": null,
      "strInstructionsZH-HANT": null,
      "strDrinkThumb": "https:\/\/www.thecocktaildb.com\/images\/media\/drink\/ttyrxr1454514759.jpg",
      "strIngredient1": "Orange juice",
      "strIngredient2": "Rum",
      "strIngredient3": "Vodka",
      "strIngredient4": "Cream",
      "strIngredient5": "Ice",
      "strIngredient6": null,
      "strIngredient7": null,
      "strIngredient8": null,
      "strIngredient9": null,
      "strIngredient10": null,
      "strIngredient11": null,
      "strIngredient12": null,
      "strIngredient13": null,
      "strIngredient14": null,
      "strIngredient15": null,
      "strMeasure1": "4 oz ",
      "strMeasure2": "1 oz ",
      "strMeasure3": "1 oz ",
      "strMeasure4": "1 package ",
      "strMeasure5": "Over ",
      "strMeasure6": null,
      "strMeasure7": null,
      "strMeasure8": null,
      "strMeasure9": null,
      "strMeasure10": null,
      "strMeasure11": null,
      "strMeasure12": null,
      "strMeasure13": null,
      "strMeasure14": null,
      "strMeasure15": null,
      "strImageSource": null,
      "strImageAttribution": null,
      "strCreativeCommonsConfirmed": "No",
      "dateModified": "2016-02-03 15:52:39"
    },
    {
      "idDrink": "16419",
      "strDrink": "Avalanche",
      "strDrinkAlternate": null,
      "strTags": null,
      "strVideo": null,
      "strCategory": "Shake",
      "strIBA": null,
      "strAlcoholic": "Alcoholic",
      "strGlass": "Highball glass",
      "strInstructions": "Mix in highball glass over ice, shake well.",
      "strInstructionsES": "Mezclar en un vaso alto con hielo, agitar bien.",
      "strInstructionsDE": "In Highball-Glas \u00fcber Eis mischen, gut sch\u00fctteln.",
      "strInstructionsFR": null,
      "strInstructionsIT": "Mescolare in un bicchiere highball con ghiaccio, agitare bene.",
      "strInstructionsZH-HANS": null,
      "strInstructionsZH-HANT": null,
      "strDrinkThumb": "https:\/\/www.thecocktaildb.com\/images\/media\/drink\/uppqty1472720165.jpg",
      "strIngredient1": "Crown Royal",
      "strIngredient2": "Kahlua",
      "strIngredient3": "Cream",
      "strIngredient4": null,
      "strIngredient5": null,
      "strIngredient6": null,
      "strIngredient7": null,
      "strIngredient8": null,
      "strIngredient9": null,
      "strIngredient10": null,
      "strIngredient11": null,
      "strIngredient12": null,
      "strIngredient13": null,
      "strIngredient14": null,
      "strIngredient15": null,
      "strMeasure1": "1 shot ",
      "strMeasure2": "1 shot ",
      "strMeasure3": "Fill with ",
      "strMeasure4": null,
      "strMeasure5": null,
      "strMeasure6": null,
      "strMeasure7": null,
      "strMeasure8": null,
      "strMeasure9": null,
      "strMeasure10": null,
      "strMeasure11": null,
      "strMeasure12": null,
      "strMeasure13": null,
      "strMeasure14": null,
      "strMeasure15": null,
      "strImageSource": null,
      "strImageAttribution": null,
      "strCreativeCommonsConfirmed": "No",
      "dateModified": "2016-09-01 09:56:05"
    },
    {
      "idDrink": "12738",
      "strDrink": "Hot Chocolate to Die for",
      "strDrinkAlternate": null,
      "strTags": null,
      "strVideo": null,
      "strCategory": "Cocoa",
      "strIBA": null,
      "strAlcoholic": "Non alcoholic",
      "strGlass": "Coffee mug",
      "strInstructions": "Melt the chocolate, butter and vanilla in a double boiler. When just smooth stir in the cream.",
      "strInstructionsES": null,
      "strInstructionsDE": "Schokolade, Butter und Vanille in einem Doppelkocher schmelzen. Wenn es glatt ist, die Sahne unterr\u00fchren.",
      "strInstructionsFR": null,
      "strInstructionsIT": "Sciogliere il cioccolato, il burro e la vaniglia a bagnomaria.Quando risulter\u00e0 liscio aggiungere la panna.",
      "strInstructionsZH-HANS": null,
      "strInstructionsZH-HANT": null,
      "strDrinkThumb": "https:\/\/www.thecocktaildb.com\/images\/media\/drink\/0lrmjp1487603166.jpg",
      "strIngredient1": "Chocolate",
      "strIngredient2": "Butter",
      "strIngredient3": "Vanilla extract",
      "strIngredient4": "Half-and-half",
      "strIngredient5": "Marshmallows",
      "strIngredient6": null,
      "strIngredient7": null,
      "strIngredient8": null,
      "strIngredient9": null,
      "strIngredient10": null,
      "strIngredient11": null,
      "strIngredient12": null,
      "strIngredient13": null,
      "strIngredient14": null,
      "strIngredient15": null,
      "strMeasure1": "12 oz fine ",
      "strMeasure2": "1 tsp ",
      "strMeasure3": "1\/2 tsp ",
      "strMeasure4": "1 cup ",
      "strMeasure5": "mini ",
      "strMeasure6": null,
      "strMeasure7": null,
      "strMeasure8": null,
      "strMeasure9": null,
      "strMeasure10": null,
      "strMeasure11": null,
      "strMeasure12": null,
      "strMeasure13": null,
      "strMeasure14": null,
      "strMeasure15": null,
      "strImageSource": null,
      "strImageAttribution": null,
      "strCreativeCommonsConfirmed": "No",
      "dateModified": "2017-02-20 15:06:06"
    },
    {
      "idDrink": "12796",
      "strDrink": "Caribbean Orange Liqueur",
      "strDrinkAlternate": null,
      "strTags": null,
      "strVideo": null,
      "strCategory": "Homemade Liqueur",
      "strIBA": null,
      "strAlcoholic": "Alcoholic",
      "strGlass": "Collins Glass",
      "strInstructions": "Pare very thinly the bright-colored rind from the oranges (no white). Blot the peel on paper towels to remove any excess oil. Put peel in a 4 cup screw-top jar. Add 2 cups vodka. Close jar. Store in a cool, dark place for 2 days or until the vodka has absorbed the flavor. Remove peel and add remaining vodka. Close jar and add remaining cup of vodka. Close the jar and store in a cool dark place at least 1 month to age.",
      "strInstructionsES": null,
      "strInstructionsDE": "Die hellfarbene Rinde der Orangen (kein Wei\u00df) sehr d\u00fcnn auftragen. Entfernen Sie die Schale auf Papiert\u00fcchern, um \u00fcbersch\u00fcssiges \u00d6l zu entfernen. Schale in ein 4-Tassen-Schraubglas geben. F\u00fcge 2 Tassen Wodka hinzu. Glas schlie\u00dfen. An einem k\u00fchlen, dunklen Ort f\u00fcr 2 Tage oder bis der Wodka den Geschmack aufgenommen hat, lagern. Die Schale entfernen und den restlichen Wodka hinzuf\u00fcgen. Schlie\u00dfen Sie das Glas und lagern Sie es mindestens 1 Monat zur Reifung an einem k\u00fchlen, dunklen Ort.",
      "strInstructionsFR": null,
      "strInstructionsIT": "1. Taglia molto sottilmente la scorza di colore brillante delle arance (non bianche). Asciugare la buccia su carta assorbente per eliminare l'olio in eccesso. Metti la buccia in un barattolo a vite da 4 tazze. Aggiungi 2 tazze di vodka. Chiudi il barattolo.\r\n\r\nConservare in un luogo fresco e buio per 2 giorni o finch\u00e9 la vodka non ha assorbito il sapore.\r\n\r\n2. Rimuovere la buccia e aggiungere la vodka rimanente. Chiudere il barattolo e aggiungere la rimanente tazza di vodka. Chiudere il barattolo e conservare in un luogo fresco e buio per almeno 1 mese per invecchiare.",
      "strInstructionsZH-HANS": null,
      "strInstructionsZH-HANT": null,
      "strDrinkThumb": "https:\/\/www.thecocktaildb.com\/images\/media\/drink\/qwxuwy1472667570.jpg",
      "strIngredient1": "Orange",
      "strIngredient2": "Vodka",
      "strIngredient3": "Sugar",
      "strIngredient4": null,
      "strIngredient5": null,
      "strIngredient6": null,
      "strIngredient7": null,
      "strIngredient8": null,
      "strIngredient9": null,
      "strIngredient10": null,
      "strIngredient11": null,
      "strIngredient12": null,
      "strIngredient13": null,
      "strIngredient14": null,
      "strIngredient15": null,
      "strMeasure1": "3 large ",
      "strMeasure2": "3 cups ",
      "strMeasure3": "1 1\/3 cup superfine ",
      "strMeasure4": null,
      "strMeasure5": null,
      "strMeasure6": null,
      "strMeasure7": null,
      "strMeasure8": null,
      "strMeasure9": null,
      "strMeasure10": null,
      "strMeasure11": null,
      "strMeasure12": null,
      "strMeasure13": null,
      "strMeasure14": null,
      "strMeasure15": null,
      "strImageSource": null,
      "strImageAttribution": null,
      "strCreativeCommonsConfirmed": "No",
      "dateModified": "2016-08-31 19:19:30"
    },
    {
      "idDrink": "16047",
      "strDrink": "Campari Beer",
      "strDrinkAlternate": null,
      "strTags": null,
      "strVideo": null,
      "strCategory": "Beer",
      "strIBA": null,
      "strAlcoholic": "Alcoholic",
      "strGlass": "Beer mug",
      "strInstructions": "Use a 15 oz glass. Add Campari first. Fill with beer.",
      "strInstructionsES": null,
      "strInstructionsDE": "Verwenden Sie ein 15 oz Glas. Zuerst Campari hinzuf\u00fcgen. Mit Bier auff\u00fcllen.",
      "strInstructionsFR": null,
      "strInstructionsIT": "Usa un bicchiere da 450ml.\r\nAggiungi prima Campari.\r\nRiempi di birra.",
      "strInstructionsZH-HANS": null,
      "strInstructionsZH-HANT": null,
      "strDrinkThumb": "https:\/\/www.thecocktaildb.com\/images\/media\/drink\/xsqrup1441249130.jpg",
      "strIngredient1": "Lager",
      "strIngredient2": "Campari",
      "strIngredient3": null,
      "strIngredient4": null,
      "strIngredient5": null,
      "strIngredient6": null,
      "strIngredient7": null,
      "strIngredient8": null,
      "strIngredient9": null,
      "strIngredient10": null,
      "strIngredient11": null,
      "strIngredient12": null,
      "strIngredient13": null,
      "strIngredient14": null,
      "strIngredient15": null,
      "strMeasure1": "1 bottle ",
      "strMeasure2": "1 1\/2 cl ",
      "strMeasure3": null,
      "strMeasure4": null,
      "strMeasure5": null,
      "strMeasure6": null,
      "strMeasure7": null,
      "strMeasure8": null,
      "strMeasure9": null,
      "strMeasure10": null,
      "strMeasure11": null,
      "strMeasure12": null,
      "strMeasure13": null,
      "strMeasure14": null,
      "strMeasure15": null,
      "strImageSource": null,
      "strImageAttribution": null,
      "strCreativeCommonsConfirmed": "No",
      "dateModified": "2015-09-03 03:58:50"
    },
    {
      "idDrink": "15997",
      "strDrink": "GG",
      "strDrinkAlternate": null,
      "strTags": null,
      "strVideo": null,
      "strCategory": "Ordinary Drink",
      "strIBA": null,
      "strAlcoholic": "Optional alcohol",
      "strGlass": "Collins Glass",
      "strInstructions": "Pour the Galliano liqueur over ice. Fill the remainder of the glass with ginger ale and thats all there is to it. You now have a your very own GG.",
      "strInstructionsES": null,
      "strInstructionsDE": "Den Galliano-Lik\u00f6r \u00fcber Eis gie\u00dfen. F\u00fcllen Sie den Rest des Glases mit Ginger Ale und das ist alles, was dazu geh\u00f6rt. Du hast jetzt ein eigenes GG.",
      "strInstructionsFR": null,
      "strInstructionsIT": "Versare il liquore Galliano su ghiaccio.\r\nRiempi il resto del bicchiere con ginger ale e questo \u00e8 tutto.\r\nOra hai il tuo GG personale.",
      "strInstructionsZH-HANS": null,
      "strInstructionsZH-HANT": null,
      "strDrinkThumb": "https:\/\/www.thecocktaildb.com\/images\/media\/drink\/vyxwut1468875960.jpg",
      "strIngredient1": "Galliano",
      "strIngredient2": "Ginger ale",
      "strIngredient3": "Ice",
      "strIngredient4": null,
      "strIngredient5": null,
      "strIngredient6": null,
      "strIngredient7": null,
      "strIngredient8": null,
      "strIngredient9": null,
      "strIngredient10": null,
      "strIngredient11": null,
      "strIngredient12": null,
      "strIngredient13": null,
      "strIngredient14": null,
      "strIngredient15": null,
      "strMeasure1": "2 1\/2 shots ",
      "strMeasure2": null,
      "strMeasure3": null,
      "strMeasure4": null,
      "strMeasure5": null,
      "strMeasure6": null,
      "strMeasure7": null,
      "strMeasure8": null,
      "strMeasure9": null,
      "strMeasure10": null,
      "strMeasure11": null,
      "strMeasure12": null,
      "strMeasure13": null,
      "strMeasure14": null,
      "strMeasure15": null,
      "strImageSource": null,
      "strImageAttribution": null,
      "strCreativeCommonsConfirmed": "No",
      "dateModified": "2016-07-18 22:06:00"
    },
    {
      "idDrink": "17222",
      "strDrink": "A1",
      "strDrinkAlternate": null,
      "strTags": null,
      "strVideo": null,
      "strCategory": "Cocktail",
      "strIBA": null,
      "strAlcoholic": "Alcoholic",
      "strGlass": "Cocktail glass",
      "strInstructions": "Pour all ingredients into a cocktail shaker, mix and serve over ice into a chilled glass.",
      "strInstructionsES": "Vierta todos los ingredientes en una coctelera, mezcle y sirva con hielo en un vaso fr\u00edo.",
      "strInstructionsDE": "Alle Zutaten in einen Cocktailshaker geben, mischen und \u00fcber Eis in ein gek\u00fchltes Glas servieren.",
      "strInstructionsFR": null,
      "strInstructionsIT": "Versare tutti gli ingredienti in uno shaker, mescolare e servire con ghiaccio in un bicchiere freddo.",
      "strInstructionsZH-HANS": null,
      "strInstructionsZH-HANT": null,
      "strDrinkThumb": "https:\/\/www.thecocktaildb.com\/images\/media\/drink\/2x8thr1504816928.jpg",
      "strIngredient1": "Gin",
      "strIngredient2": "Grand Marnier",
      "strIngredient3": "Lemon Juice",
      "strIngredient4": "Grenadine",
      "strIngredient5": null,
      "strIngredient6": null,
      "strIngredient7": null,
      "strIngredient8": null,
      "strIngredient9": null,
      "strIngredient10": null,
      "strIngredient11": null,
      "strIngredient12": null,
      "strIngredient13": null,
      "strIngredient14": null,
      "strIngredient15": null,
      "strMeasure1": "1 3\/4 shot ",
      "strMeasure2": "1 Shot ",
      "strMeasure3": "1\/4 Shot",
      "strMeasure4": "1\/8 Shot",
      "strMeasure5": null,
      "strMeasure6": null,
      "strMeasure7": null,
      "strMeasure8": null,
      "strMeasure9": null,
      "strMeasure10": null,
      "strMeasure11": null,
      "strMeasure12": null,
      "strMeasure13": null,
      "strMeasure14": null,
      "strMeasure15": null,
      "strImageSource": null,
      "strImageAttribution": null,
      "strCreativeCommonsConfirmed": "No",
      "dateModified": "2017-09-07 21:42:09"
    },
    {
      "idDrink": "15288",
      "strDrink": "252",
      "strDrinkAlternate": null,
      "strTags": null,
      "strVideo": null,
      "strCategory": "Shot",
      "strIBA": null,
      "strAlcoholic": "Alcoholic",
      "strGlass": "Shot glass",
      "strInstructions": "Add both ingredients to shot glass, shoot, and get drunk quick",
      "strInstructionsES": null,
      "strInstructionsDE": "Beide Zutaten in ein Schnapsglas geben.",
      "strInstructionsFR": null,
      "strInstructionsIT": "Aggiungi entrambi gli ingredienti al bicchierino, bevi e ubriacati velocemente",
      "strInstructionsZH-HANS": null,
      "strInstructionsZH-HANT": null,
      "strDrinkThumb": "https:\/\/www.thecocktaildb.com\/images\/media\/drink\/rtpxqw1468877562.jpg",
      "strIngredient1": "151 proof rum",
      "strIngredient2": "Wild Turkey",
      "strIngredient3": null,
      "strIngredient4": null,
      "strIngredient5": null,
      "strIngredient6": null,
      "strIngredient7": null,
      "strIngredient8": null,
      "strIngredient9": null,
      "strIngredient10": null,
      "strIngredient11": null,
      "strIngredient12": null,
      "strIngredient13": null,
      "strIngredient14": null,
      "strIngredient15": null,
      "strMeasure1": "1\/2 shot Bacardi ",
      "strMeasure2": "1\/2 shot ",
      "strMeasure3": null,
      "strMeasure4": null,
      "strMeasure5": null,
      "strMeasure6": null,
      "strMeasure7": null,
      "strMeasure8": null,
      "strMeasure9": null,
      "strMeasure10": null,
      "strMeasure11": null,
      "strMeasure12": null,
      "strMeasure13": null,
      "strMeasure14": null,
      "strMeasure15": null,
      "strImageSource": null,
      "strImageAttribution": null,
      "strCreativeCommonsConfirmed": "No",
      "dateModified": "2016-07-18 22:32:42"
    },
    {
      "idDrink": "14229",
      "strDrink": "747",
      "strDrinkAlternate": null,
      "strTags": null,
      "strVideo": null,
      "strCategory": "Shot",
      "strIBA": null,
      "strAlcoholic": "Alcoholic",
      "strGlass": "Shot glass",
      "strInstructions": "pour kaluha, then Baileys, then Frangelico not chilled and not layered -- SERVE!!!",
      "strInstructionsES": null,
      "strInstructionsDE": "Gie\u00dfen Sie kaluha, dann Baileys, dann Frangelico nicht gek\u00fchlt und nicht geschichtet -- SERVE!!!!!!!!",
      "strInstructionsFR": null,
      "strInstructionsIT": "Versa Kahlua, Baileys e poi Frangelico.",
      "strInstructionsZH-HANS": null,
      "strInstructionsZH-HANT": null,
      "strDrinkThumb": "https:\/\/www.thecocktaildb.com\/images\/media\/drink\/xxsxqy1472668106.jpg",
      "strIngredient1": "Kahlua",
      "strIngredient2": "Baileys irish cream",
      "strIngredient3": "Frangelico",
      "strIngredient4": null,
      "strIngredient5": null,
      "strIngredient6": null,
      "strIngredient7": null,
      "strIngredient8": null,
      "strIngredient9": null,
      "strIngredient10": null,
      "strIngredient11": null,
      "strIngredient12": null,
      "strIngredient13": null,
      "strIngredient14": null,
      "strIngredient15": null,
      "strMeasure1": "1\/3 part ",
      "strMeasure2": "1\/3 part ",
      "strMeasure3": "1\/3 part ",
      "strMeasure4": null,
      "strMeasure5": null,
      "strMeasure6": null,
      "strMeasure7": null,
      "strMeasure8": null,
      "strMeasure9": null,
      "strMeasure10": null,
      "strMeasure11": null,
      "strMeasure12": null,
      "strMeasure13": null,
      "strMeasure14": null,
      "strMeasure15": null,
      "strImageSource": null,
      "strImageAttribution": null,
      "strCreativeCommonsConfirmed": "No",
      "dateModified": "2016-08-31 19:28:26"
    },
    {
      "idDrink": "17203",
      "strDrink": "Kir",
      "strDrinkAlternate": null,
      "strTags": "IBA,ContemporaryClassic",
      "strVideo": null,
      "strCategory": "Ordinary Drink",
      "strIBA": null,
      "strAlcoholic": "Alcoholic",
      "strGlass": "Wine Glass",
      "strInstructions": "Add the cr\u00e8me de cassis to the bottom of the glass, then top up with wine.",
      "strInstructionsES": null,
      "strInstructionsDE": "Gib die Creme de Cassis auf den Boden des Glases und f\u00fcge dann Wein hinzu.",
      "strInstructionsFR": null,
      "strInstructionsIT": "Aggiungere la cr\u00e8me de cassis sul fondo del bicchiere, quindi rabboccare con il vino.",
      "strInstructionsZH-HANS": null,
      "strInstructionsZH-HANT": null,
      "strDrinkThumb": "https:\/\/www.thecocktaildb.com\/images\/media\/drink\/apneom1504370294.jpg",
      "strIngredient1": "Creme de Cassis",
      "strIngredient2": "Champagne",
      "strIngredient3": null,
      "strIngredient4": null,
      "strIngredient5": null,
      "strIngredient6": null,
      "strIngredient7": null,
      "strIngredient8": null,
      "strIngredient9": null,
      "strIngredient10": null,
      "strIngredient11": null,
      "strIngredient12": null,
      "strIngredient13": null,
      "strIngredient14": null,
      "strIngredient15": null,
      "strMeasure1": "1 part ",
      "strMeasure2": "5 parts ",
      "strMeasure3": null,
      "strMeasure4": null,
      "strMeasure5": null,
      "strMeasure6": null,
      "strMeasure7": null,
      "strMeasure8": null,
      "strMeasure9": null,
      "strMeasure10": null,
      "strMeasure11": null,
      "strMeasure12": null,
      "strMeasure13": null,
      "strMeasure14": null,
      "strMeasure15": null,
      "strImageSource": null,
      "strImageAttribution": null,
      "strCreativeCommonsConfirmed": "No",
      "dateModified": "2017-09-02 17:38:14"
    },
    {
      "idDrink": "13501",
      "strDrink": "ABC",
      "strDrinkAlternate": null,
      "strTags": null,
      "strVideo": null,
      "strCategory": "Shot",
      "strIBA": null,
      "strAlcoholic": "Alcoholic",
      "strGlass": "Shot glass",
      "strInstructions": "Layered in a shot glass.",
      "strInstructionsES": "Coloque todos los ingredientes en un vaso de chupito.",
      "strInstructionsDE": "Schichtaufbau in einem Schnapsglas.",
      "strInstructionsFR": null,
      "strInstructionsIT": "Versa in ordine di lettera i vari ingredienti. 1\/3 del bicchiere va riempito con l'Amaretto, 1\/3 di Baileys e il restante di Cognac.",
      "strInstructionsZH-HANS": null,
      "strInstructionsZH-HANT": null,
      "strDrinkThumb": "https:\/\/www.thecocktaildb.com\/images\/media\/drink\/tqpvqp1472668328.jpg",
      "strIngredient1": "Amaretto",
      "strIngredient2": "Baileys irish cream",
      "strIngredient3": "Cognac",
      "strIngredient4": null,
      "strIngredient5": null,
      "strIngredient6": null,
      "strIngredient7": null,
      "strIngredient8": null,
      "strIngredient9": null,
      "strIngredient10": null,
      "strIngredient11": null,
      "strIngredient12": null,
      "strIngredient13": null,
      "strIngredient14": null,
      "strIngredient15": null,
      "strMeasure1": "1\/3 ",
      "strMeasure2": "1\/3 ",
      "strMeasure3": "1\/3 ",
      "strMeasure4": null,
      "strMeasure5": null,
      "strMeasure6": null,
      "strMeasure7": null,
      "strMeasure8": null,
      "strMeasure9": null,
      "strMeasure10": null,
      "strMeasure11": null,
      "strMeasure12": null,
      "strMeasure13": null,
      "strMeasure14": null,
      "strMeasure15": null,
      "strImageSource": null,
      "strImageAttribution": null,
      "strCreativeCommonsConfirmed": "No",
      "dateModified": "2016-08-31 19:32:08"
    },
    {
      "idDrink": "17225",
      "strDrink": "Ace",
      "strDrinkAlternate": null,
      "strTags": null,
      "strVideo": null,
      "strCategory": "Cocktail",
      "strIBA": null,
      "strAlcoholic": "Alcoholic",
      "strGlass": "Martini Glass",
      "strInstructions": "Shake all the ingredients in a cocktail shaker and ice then strain in a cold glass.",
      "strInstructionsES": "Agite todos los ingredientes en una coctelera con hielo y entonces cu\u00e9lelos sobre un vaso enfriado.",
      "strInstructionsDE": "Alle Zutaten in einem Cocktailshaker mit Eis sch\u00fctteln und dann in einem kalten Glas abseihen.",
      "strInstructionsFR": null,
      "strInstructionsIT": "Shakerare tutti gli ingredienti in uno shaker e ghiaccio, quindi filtrare in un bicchiere freddo.",
      "strInstructionsZH-HANS": null,
      "strInstructionsZH-HANT": null,
      "strDrinkThumb": "https:\/\/www.thecocktaildb.com\/images\/media\/drink\/l3cd7f1504818306.jpg",
      "strIngredient1": "Gin",
      "strIngredient2": "Grenadine",
      "strIngredient3": "Heavy cream",
      "strIngredient4": "Milk",
      "strIngredient5": "Egg White",
      "strIngredient6": null,
      "strIngredient7": null,
      "strIngredient8": null,
      "strIngredient9": null,
      "strIngredient10": null,
      "strIngredient11": null,
      "strIngredient12": null,
      "strIngredient13": null,
      "strIngredient14": null,
      "strIngredient15": null,
      "strMeasure1": "2 shots ",
      "strMeasure2": "1\/2 shot ",
      "strMeasure3": "1\/2 shot ",
      "strMeasure4": "1\/2 shot",
      "strMeasure5": "1\/2 Fresh",
      "strMeasure6": null,
      "strMeasure7": null,
      "strMeasure8": null,
      "strMeasure9": null,
      "strMeasure10": null,
      "strMeasure11": null,
      "strMeasure12": null,
      "strMeasure13": null,
      "strMeasure14": null,
      "strMeasure15": null,
      "strImageSource": null,
      "strImageAttribution": null,
      "strCreativeCommonsConfirmed": "No",
      "dateModified": "2017-09-07 22:05:06"
    },
    {
      "idDrink": "17141",
      "strDrink": "Smut",
      "strDrinkAlternate": null,
      "strTags": null,
      "strVideo": null,
      "strCategory": "Punch \/ Party Drink",
      "strIBA": null,
      "strAlcoholic": "Alcoholic",
      "strGlass": "Beer mug",
      "strInstructions": "Throw it all together and serve real cold.",
      "strInstructionsES": null,
      "strInstructionsDE": "Sch\u00fctte alles zusammen und serviere es kalt.",
      "strInstructionsFR": null,
      "strInstructionsIT": "Metti tutto insieme e servi freddo.",
      "strInstructionsZH-HANS": null,
      "strInstructionsZH-HANT": null,
      "strDrinkThumb": "https:\/\/www.thecocktaildb.com\/images\/media\/drink\/rx8k8e1504365812.jpg",
      "strIngredient1": "Red wine",
      "strIngredient2": "Peach schnapps",
      "strIngredient3": "Pepsi Cola",
      "strIngredient4": "Orange juice",
      "strIngredient5": null,
      "strIngredient6": null,
      "strIngredient7": null,
      "strIngredient8": null,
      "strIngredient9": null,
      "strIngredient10": null,
      "strIngredient11": null,
      "strIngredient12": null,
      "strIngredient13": null,
      "strIngredient14": null,
      "strIngredient15": null,
      "strMeasure1": "1\/3 part ",
      "strMeasure2": "1 shot ",
      "strMeasure3": "1\/3 part ",
      "strMeasure4": "1\/3 part ",
      "strMeasure5": null,
      "strMeasure6": null,
      "strMeasure7": null,
      "strMeasure8": null,
      "strMeasure9": null,
      "strMeasure10": null,
      "strMeasure11": null,
      "strMeasure12": null,
      "strMeasure13": null,
      "strMeasure14": null,
      "strMeasure15": null,
      "strImageSource": null,
      "strImageAttribution": null,
      "strCreativeCommonsConfirmed": "No",
      "dateModified": "2017-09-02 16:23:32"
    },
    {
      "idDrink": "17208",
      "strDrink": "Rose",
      "strDrinkAlternate": null,
      "strTags": "IBA,ContemporaryClassic",
      "strVideo": null,
      "strCategory": "Ordinary Drink",
      "strIBA": "Contemporary Classics",
      "strAlcoholic": "Alcoholic",
      "strGlass": "Cocktail glass",
      "strInstructions": "Shake together in a cocktail shaker, then strain into chilled glass. Garnish and serve.",
      "strInstructionsES": null,
      "strInstructionsDE": "In einem Cocktailshaker vermengen und dann in ein gek\u00fchltes Glas abseihen. Garnieren und servieren.",
      "strInstructionsFR": null,
      "strInstructionsIT": "Shakerare insieme in uno shaker, quindi filtrare in un bicchiere freddo.\r\nGuarnire e servire.",
      "strInstructionsZH-HANS": null,
      "strInstructionsZH-HANT": null,
      "strDrinkThumb": "https:\/\/www.thecocktaildb.com\/images\/media\/drink\/8kxbvq1504371462.jpg",
      "strIngredient1": "Dry Vermouth",
      "strIngredient2": "Gin",
      "strIngredient3": "Apricot brandy",
      "strIngredient4": "Lemon juice",
      "strIngredient5": "Grenadine",
      "strIngredient6": "Powdered sugar",
      "strIngredient7": null,
      "strIngredient8": null,
      "strIngredient9": null,
      "strIngredient10": null,
      "strIngredient11": null,
      "strIngredient12": null,
      "strIngredient13": null,
      "strIngredient14": null,
      "strIngredient15": null,
      "strMeasure1": "1\/2 oz ",
      "strMeasure2": "1 oz ",
      "strMeasure3": "1\/2 oz ",
      "strMeasure4": "1\/2 tsp ",
      "strMeasure5": "1 tsp ",
      "strMeasure6": null,
      "strMeasure7": null,
      "strMeasure8": null,
      "strMeasure9": null,
      "strMeasure10": null,
      "strMeasure11": null,
      "strMeasure12": null,
      "strMeasure13": null,
      "strMeasure14": null,
      "strMeasure15": null,
      "strImageSource": null,
      "strImageAttribution": null,
      "strCreativeCommonsConfirmed": "No",
      "dateModified": "2017-09-02 17:57:42"
    },
    {
      "idDrink": "15853",
      "strDrink": "B-52",
      "strDrinkAlternate": null,
      "strTags": "IBA,NewEra",
      "strVideo": null,
      "strCategory": "Shot",
      "strIBA": "New Era Drinks",
      "strAlcoholic": "Alcoholic",
      "strGlass": "Shot glass",
      "strInstructions": "Layer ingredients into a shot glass. Serve with a stirrer.",
      "strInstructionsES": null,
      "strInstructionsDE": "Zutaten in ein Schnapsglas schichten. Mit einem R\u00fchrstab servieren.",
      "strInstructionsFR": null,
      "strInstructionsIT": "Metti gli ingredienti in un bicchiere da shot a strati.\r\nServire con una paletta.",
      "strInstructionsZH-HANS": null,
      "strInstructionsZH-HANT": null,
      "strDrinkThumb": "https:\/\/www.thecocktaildb.com\/images\/media\/drink\/5a3vg61504372070.jpg",
      "strIngredient1": "Baileys irish cream",
      "strIngredient2": "Grand Marnier",
      "strIngredient3": "Kahlua",
      "strIngredient4": null,
      "strIngredient5": null,
      "strIngredient6": null,
      "strIngredient7": null,
      "strIngredient8": null,
      "strIngredient9": null,
      "strIngredient10": null,
      "strIngredient11": null,
      "strIngredient12": null,
      "strIngredient13": null,
      "strIngredient14": null,
      "strIngredient15": null,
      "strMeasure1": "1\/3 ",
      "strMeasure2": "1\/3 ",
      "strMeasure3": "1\/4 ",
      "strMeasure4": null,
      "strMeasure5": null,
      "strMeasure6": null,
      "strMeasure7": null,
      "strMeasure8": null,
      "strMeasure9": null,
      "strMeasure10": null,
      "strMeasure11": null,
      "strMeasure12": null,
      "strMeasure13": null,
      "strMeasure14": null,
      "strMeasure15": null,
      "strImageSource": null,
      "strImageAttribution": null,
      "strCreativeCommonsConfirmed": "No",
      "dateModified": "2017-09-02 18:07:51"
    },
    {
      "idDrink": "17837",
      "strDrink": "Adam",
      "strDrinkAlternate": null,
      "strTags": "Alcoholic,Holiday",
      "strVideo": null,
      "strCategory": "Ordinary Drink",
      "strIBA": null,
      "strAlcoholic": "Alcoholic",
      "strGlass": "Cocktail glass",
      "strInstructions": "In a shaker half-filled with ice cubes, combine all of the ingredients. Shake well. Strain into a cocktail glass.",
      "strInstructionsES": "Mezclar todos los ingredientes en una coctelera con cubitos de hielo hasta la mitad. Agitar bien. Colar el contenido en un vaso de c\u00f3ctel.",
      "strInstructionsDE": "In einem Shaker, der halb mit Eisw\u00fcrfeln gef\u00fcllt ist, alle Zutaten vermengen. Gut sch\u00fctteln. In ein Cocktailglas abseihen.",
      "strInstructionsFR": null,
      "strInstructionsIT": "In uno shaker riempito a met\u00e0 con cubetti di ghiaccio, unire tutti gli ingredienti.Agitare bene.Filtrare in un bicchiere da cocktail.",
      "strInstructionsZH-HANS": null,
      "strInstructionsZH-HANT": null,
      "strDrinkThumb": "https:\/\/www.thecocktaildb.com\/images\/media\/drink\/v0at4i1582478473.jpg",
      "strIngredient1": "Dark rum",
      "strIngredient2": "Lemon juice",
      "strIngredient3": "Grenadine",
      "strIngredient4": null,
      "strIngredient5": null,
      "strIngredient6": null,
      "strIngredient7": null,
      "strIngredient8": null,
      "strIngredient9": null,
      "strIngredient10": null,
      "strIngredient11": null,
      "strIngredient12": null,
      "strIngredient13": null,
      "strIngredient14": null,
      "strIngredient15": null,
      "strMeasure1": "2 oz ",
      "strMeasure2": "1 oz ",
      "strMeasure3": "1 tsp ",
      "strMeasure4": null,
      "strMeasure5": null,
      "strMeasure6": null,
      "strMeasure7": null,
      "strMeasure8": null,
      "strMeasure9": null,
      "strMeasure10": null,
      "strMeasure11": null,
      "strMeasure12": null,
      "strMeasure13": null,
      "strMeasure14": null,
      "strMeasure15": null,
      "strImageSource": null,
      "strImageAttribution": null,
      "strCreativeCommonsConfirmed": "Yes",
      "dateModified": "2016-09-02 11:29:29"
    },
    {
      "idDrink": "14610",
      "strDrink": "ACID",
      "strDrinkAlternate": null,
      "strTags": null,
      "strVideo": null,
      "strCategory": "Shot",
      "strIBA": null,
      "strAlcoholic": "Alcoholic",
      "strGlass": "Shot glass",
      "strInstructions": "Poor in the 151 first followed by the 101 served with a Coke or Dr Pepper chaser.",
      "strInstructionsES": "Vierta primero el Bacardi 151, seguido del Wild Turkey 101 y sirva con Coca-Cola o Dr Pepper.",
      "strInstructionsDE": "Gering den 151 gefolgt von der 101, die mit einer Cola oder Dr. Pepper Chaser serviert wird.",
      "strInstructionsFR": null,
      "strInstructionsIT": "Versa prima il Bacardi 151 seguito dal 101, servito con una Coca-Cola.",
      "strInstructionsZH-HANS": null,
      "strInstructionsZH-HANT": null,
      "strDrinkThumb": "https:\/\/www.thecocktaildb.com\/images\/media\/drink\/xuxpxt1479209317.jpg",
      "strIngredient1": "151 proof rum",
      "strIngredient2": "Wild Turkey",
      "strIngredient3": null,
      "strIngredient4": null,
      "strIngredient5": null,
      "strIngredient6": null,
      "strIngredient7": null,
      "strIngredient8": null,
      "strIngredient9": null,
      "strIngredient10": null,
      "strIngredient11": null,
      "strIngredient12": null,
      "strIngredient13": null,
      "strIngredient14": null,
      "strIngredient15": null,
      "strMeasure1": "1 oz Bacardi ",
      "strMeasure2": "1 oz ",
      "strMeasure3": null,
      "strMeasure4": null,
      "strMeasure5": null,
      "strMeasure6": null,
      "strMeasure7": null,
      "strMeasure8": null,
      "strMeasure9": null,
      "strMeasure10": null,
      "strMeasure11": null,
      "strMeasure12": null,
      "strMeasure13": null,
      "strMeasure14": null,
      "strMeasure15": null,
      "strImageSource": null,
      "strImageAttribution": null,
      "strCreativeCommonsConfirmed": "No",
      "dateModified": "2016-11-15 11:28:37"
    },
    {
      "idDrink": "13332",
      "strDrink": "B-53",
      "strDrinkAlternate": null,
      "strTags": null,
      "strVideo": null,
      "strCategory": "Shot",
      "strIBA": null,
      "strAlcoholic": "Alcoholic",
      "strGlass": "Collins Glass",
      "strInstructions": "Layer the Kahlua, Sambucca and Grand Marnier into a shot glas in that order. Better than B-52",
      "strInstructionsES": null,
      "strInstructionsDE": "Schichte die Kahlua, Sambucca und Grand Marnier in dieser Reihenfolge in ein Schnapsglas ein. Besser als B-52",
      "strInstructionsFR": null,
      "strInstructionsIT": "Metti Kahlua, Sambuca e Grand Marnier in un bicchierino in quest'ordine. ",
      "strInstructionsZH-HANS": null,
      "strInstructionsZH-HANT": null,
      "strDrinkThumb": "https:\/\/www.thecocktaildb.com\/images\/media\/drink\/rwqxrv1461866023.jpg",
      "strIngredient1": "Kahlua",
      "strIngredient2": "Sambuca",
      "strIngredient3": "Grand Marnier",
      "strIngredient4": null,
      "strIngredient5": null,
      "strIngredient6": null,
      "strIngredient7": null,
      "strIngredient8": null,
      "strIngredient9": null,
      "strIngredient10": null,
      "strIngredient11": null,
      "strIngredient12": null,
      "strIngredient13": null,
      "strIngredient14": null,
      "strIngredient15": null,
      "strMeasure1": "1\/3 shot ",
      "strMeasure2": "1\/3 shot ",
      "strMeasure3": "1\/3 shot ",
      "strMeasure4": null,
      "strMeasure5": null,
      "strMeasure6": null,
      "strMeasure7": null,
      "strMeasure8": null,
      "strMeasure9": null,
      "strMeasure10": null,
      "strMeasure11": null,
      "strMeasure12": null,
      "strMeasure13": null,
      "strMeasure14": null,
      "strMeasure15": null,
      "strImageSource": null,
      "strImageAttribution": null,
      "strCreativeCommonsConfirmed": "No",
      "dateModified": "2016-04-28 18:53:43"
    },
    {
      "idDrink": "13938",
      "strDrink": "AT&T",
      "strDrinkAlternate": null,
      "strTags": null,
      "strVideo": null,
      "strCategory": "Ordinary Drink",
      "strIBA": null,
      "strAlcoholic": "Alcoholic",
      "strGlass": "Highball Glass",
      "strInstructions": "Pour Vodka and Gin over ice, add Tonic and Stir",
      "strInstructionsES": "Vierta el vodka y la ginebra sobre el hielo, agregue la t\u00f3nica y revuelva.",
      "strInstructionsDE": "Wodka und Gin \u00fcber das Eis gie\u00dfen, Tonic hinzuf\u00fcgen und umr\u00fchren.",
      "strInstructionsFR": null,
      "strInstructionsIT": "Versare la vodka e il gin sul ghiaccio, aggiungere l'acqua tonica e mescolare",
      "strInstructionsZH-HANS": null,
      "strInstructionsZH-HANT": null,
      "strDrinkThumb": "https:\/\/www.thecocktaildb.com\/images\/media\/drink\/rhhwmp1493067619.jpg",
      "strIngredient1": "Absolut Vodka",
      "strIngredient2": "Gin",
      "strIngredient3": "Tonic water",
      "strIngredient4": null,
      "strIngredient5": null,
      "strIngredient6": null,
      "strIngredient7": null,
      "strIngredient8": null,
      "strIngredient9": null,
      "strIngredient10": null,
      "strIngredient11": null,
      "strIngredient12": null,
      "strIngredient13": null,
      "strIngredient14": null,
      "strIngredient15": null,
      "strMeasure1": "1 oz ",
      "strMeasure2": "1 oz ",
      "strMeasure3": "4 oz ",
      "strMeasure4": null,
      "strMeasure5": null,
      "strMeasure6": null,
      "strMeasure7": null,
      "strMeasure8": null,
      "strMeasure9": null,
      "strMeasure10": null,
      "strMeasure11": null,
      "strMeasure12": null,
      "strMeasure13": null,
      "strMeasure14": null,
      "strMeasure15": null,
      "strImageSource": null,
      "strImageAttribution": null,
      "strCreativeCommonsConfirmed": "No",
      "dateModified": "2017-04-24 22:00:19"
    },
    {
      "idDrink": "16262",
      "strDrink": "H.D.",
      "strDrinkAlternate": null,
      "strTags": null,
      "strVideo": null,
      "strCategory": "Coffee \/ Tea",
      "strIBA": null,
      "strAlcoholic": "Alcoholic",
      "strGlass": "Beer mug",
      "strInstructions": "Mix the whisky and Baileys Cream in a beer-glass (at least 50 cl). Fill the rest of the glass with coffee.",
      "strInstructionsES": null,
      "strInstructionsDE": "Den Whisky und die Baileys Cream in einem Bierglas (mind. 50 cl) mischen. F\u00fcllen Sie den Rest des Glases mit Kaffee.",
      "strInstructionsFR": null,
      "strInstructionsIT": "Mescolare il whisky e la crema di Baileys in un bicchiere da birra (almeno 50 cl).\r\nRiempi il resto del bicchiere di caff\u00e8.",
      "strInstructionsZH-HANS": null,
      "strInstructionsZH-HANT": null,
      "strDrinkThumb": "https:\/\/www.thecocktaildb.com\/images\/media\/drink\/upusyu1472667977.jpg",
      "strIngredient1": "Whisky",
      "strIngredient2": "Baileys irish cream",
      "strIngredient3": "Coffee",
      "strIngredient4": null,
      "strIngredient5": null,
      "strIngredient6": null,
      "strIngredient7": null,
      "strIngredient8": null,
      "strIngredient9": null,
      "strIngredient10": null,
      "strIngredient11": null,
      "strIngredient12": null,
      "strIngredient13": null,
      "strIngredient14": null,
      "strIngredient15": null,
      "strMeasure1": "4 cl ",
      "strMeasure2": "8 cl ",
      "strMeasure3": null,
      "strMeasure4": null,
      "strMeasure5": null,
      "strMeasure6": null,
      "strMeasure7": null,
      "strMeasure8": null,
      "strMeasure9": null,
      "strMeasure10": null,
      "strMeasure11": null,
      "strMeasure12": null,
      "strMeasure13": null,
      "strMeasure14": null,
      "strMeasure15": null,
      "strImageSource": null,
      "strImageAttribution": null,
      "strCreativeCommonsConfirmed": "No",
      "dateModified": "2016-08-31 19:26:18"
    },
    {
      "idDrink": "17833",
      "strDrink": "A. J.",
      "strDrinkAlternate": null,
      "strTags": null,
      "strVideo": null,
      "strCategory": "Ordinary Drink",
      "strIBA": null,
      "strAlcoholic": "Alcoholic",
      "strGlass": "Cocktail glass",
      "strInstructions": "Shake ingredients with ice, strain into a cocktail glass, and serve.",
      "strInstructionsES": "Agite bien los ingredientes con hielo, cu\u00e9lelos en una copa de c\u00f3ctel y sirva.",
      "strInstructionsDE": null,
      "strInstructionsFR": null,
      "strInstructionsIT": "Shakerare gli ingredienti con ghiaccio, filtrare in una coppetta da cocktail e servire.",
      "strInstructionsZH-HANS": null,
      "strInstructionsZH-HANT": null,
      "strDrinkThumb": "https:\/\/www.thecocktaildb.com\/images\/media\/drink\/l74qo91582480316.jpg",
      "strIngredient1": "Applejack",
      "strIngredient2": "Grapefruit juice",
      "strIngredient3": null,
      "strIngredient4": null,
      "strIngredient5": null,
      "strIngredient6": null,
      "strIngredient7": null,
      "strIngredient8": null,
      "strIngredient9": null,
      "strIngredient10": null,
      "strIngredient11": null,
      "strIngredient12": null,
      "strIngredient13": null,
      "strIngredient14": null,
      "strIngredient15": null,
      "strMeasure1": "1 1\/2 oz ",
      "strMeasure2": "1 oz ",
      "strMeasure3": null,
      "strMeasure4": null,
      "strMeasure5": null,
      "strMeasure6": null,
      "strMeasure7": null,
      "strMeasure8": null,
      "strMeasure9": null,
      "strMeasure10": null,
      "strMeasure11": null,
      "strMeasure12": null,
      "strMeasure13": null,
      "strMeasure14": null,
      "strMeasure15": null,
      "strImageSource": null,
      "strImageAttribution": null,
      "strCreativeCommonsConfirmed": "Yes",
      "dateModified": "2016-09-02 11:16:58"
    },
    {
      "idDrink": "14598",
      "strDrink": "50\/50",
      "strDrinkAlternate": null,
      "strTags": null,
      "strVideo": null,
      "strCategory": "Ordinary Drink",
      "strIBA": null,
      "strAlcoholic": "Alcoholic",
      "strGlass": "Collins Glass",
      "strInstructions": "fill glass with crushed ice. Add vodka. Add a splash of grand-marnier. Fill with o.j.",
      "strInstructionsES": null,
      "strInstructionsDE": "Glas mit zersto\u00dfenem Eis f\u00fcllen. F\u00fcge Wodka hinzu. F\u00fcge einen Spritzer Grand-Marnier hinzu. F\u00fcllen Sie mit o.j.",
      "strInstructionsFR": null,
      "strInstructionsIT": "Riempire un bicchiere con ghiaccio tritato.\r\nAggiungi la vodka.\r\nAggiungi un tocco di grand-Marnier.\r\nRiempi di succo d'arancia",
      "strInstructionsZH-HANS": null,
      "strInstructionsZH-HANT": null,
      "strDrinkThumb": "https:\/\/www.thecocktaildb.com\/images\/media\/drink\/wwpyvr1461919316.jpg",
      "strIngredient1": "Vanilla vodka",
      "strIngredient2": "Grand Marnier",
      "strIngredient3": "Orange juice",
      "strIngredient4": null,
      "strIngredient5": null,
      "strIngredient6": null,
      "strIngredient7": null,
      "strIngredient8": null,
      "strIngredient9": null,
      "strIngredient10": null,
      "strIngredient11": null,
      "strIngredient12": null,
      "strIngredient13": null,
      "strIngredient14": null,
      "strIngredient15": null,
      "strMeasure1": "2 1\/2 oz ",
      "strMeasure2": "1 splash ",
      "strMeasure3": "Fill with ",
      "strMeasure4": null,
      "strMeasure5": null,
      "strMeasure6": null,
      "strMeasure7": null,
      "strMeasure8": null,
      "strMeasure9": null,
      "strMeasure10": null,
      "strMeasure11": null,
      "strMeasure12": null,
      "strMeasure13": null,
      "strMeasure14": null,
      "strMeasure15": null,
      "strImageSource": null,
      "strImageAttribution": null,
      "strCreativeCommonsConfirmed": "No",
      "dateModified": "2016-04-29 09:41:56"
    },
    {
      "idDrink": "12776",
      "strDrink": "Melya",
      "strDrinkAlternate": null,
      "strTags": null,
      "strVideo": null,
      "strCategory": "Coffee \/ Tea",
      "strIBA": null,
      "strAlcoholic": "Non alcoholic",
      "strGlass": "Coffee mug",
      "strInstructions": "Brew espresso. In a coffee mug, place 1 teaspoon of unsweetened powdered cocoa, then cover a teaspoon with honey and drizzle it into the cup. Stir while the coffee brews, this is the fun part. The cocoa seems to coat the honey without mixing, so you get a dusty, sticky mass that looks as though it will never mix. Then all at once, presto! It looks like dark chocolate sauce. Pour hot espresso over the honey, stirring to dissolve. Serve with cream.",
      "strInstructionsES": null,
      "strInstructionsDE": "Espresso zubereiten. In eine Kaffeetasse 1 Teel\u00f6ffel unges\u00fc\u00dften, pulverisierten Kakao geben, dann einen Teel\u00f6ffel Honig in die Tasse tr\u00e4ufeln. R\u00fchren Sie um, w\u00e4hrend der Kaffee br\u00fcht, das ist der lustige Teil. Der Kakao scheint den Honig ohne Mischen zu \u00fcberziehen, so dass Sie eine dichte, klebrige Masse erhalten, die aussieht, als w\u00fcrde sie sich nie vermischen. Dann auf einmal, presto! Es sieht aus wie dunkle Schokoladenso\u00dfe. Hei\u00dfen Espresso \u00fcber den Honig gie\u00dfen und unter R\u00fchren aufl\u00f6sen. Mit Sahne servieren.",
      "strInstructionsFR": null,
      "strInstructionsIT": "Prepara l'espresso.\r\nIn una tazza da caff\u00e8, mettete 1 cucchiaino di cacao amaro in polvere, quindi coprite un cucchiaino con del miele e versatelo nella tazza.\r\nMescola mentre il caff\u00e8 si prepara, questa \u00e8 la parte divertente.\r\nIl cacao sembra ricoprire il miele senza mescolarsi, quindi si ottiene una massa polverosa e appiccicosa che sembra non si mescoler\u00e0 mai.\r\nVersare l'espresso caldo sul miele, mescolando per scioglierlo.\r\nServire con la panna.",
      "strInstructionsZH-HANS": null,
      "strInstructionsZH-HANT": null,
      "strDrinkThumb": "https:\/\/www.thecocktaildb.com\/images\/media\/drink\/xwtptq1441247579.jpg",
      "strIngredient1": "Espresso",
      "strIngredient2": "Honey",
      "strIngredient3": "Cocoa powder",
      "strIngredient4": null,
      "strIngredient5": null,
      "strIngredient6": null,
      "strIngredient7": null,
      "strIngredient8": null,
      "strIngredient9": null,
      "strIngredient10": null,
      "strIngredient11": null,
      "strIngredient12": null,
      "strIngredient13": null,
      "strIngredient14": null,
      "strIngredient15": null,
      "strMeasure1": null,
      "strMeasure2": "Unsweetened ",
      "strMeasure3": null,
      "strMeasure4": null,
      "strMeasure5": null,
      "strMeasure6": null,
      "strMeasure7": null,
      "strMeasure8": null,
      "strMeasure9": null,
      "strMeasure10": null,
      "strMeasure11": null,
      "strMeasure12": null,
      "strMeasure13": null,
      "strMeasure14": null,
      "strMeasure15": null,
      "strImageSource": null,
      "strImageAttribution": null,
      "strCreativeCommonsConfirmed": "No",
      "dateModified": "2015-09-03 03:32:59"
    },
    {
      "idDrink": "12764",
      "strDrink": "Karsk",
      "strDrinkAlternate": null,
      "strTags": null,
      "strVideo": null,
      "strCategory": "Ordinary Drink",
      "strIBA": null,
      "strAlcoholic": "Alcoholic",
      "strGlass": "Highball glass",
      "strInstructions": "Put a copper coin in a coffe-cup and fill up with coffee until you no longer see the coin, then add alcohol until you see the coin. Norwegian speciality.",
      "strInstructionsES": null,
      "strInstructionsDE": "Legen Sie eine Kupferm\u00fcnze in eine Kaffeetasse und f\u00fcllen Sie sie mit Kaffee, bis Sie die M\u00fcnze nicht mehr sehen, dann f\u00fcgen Sie Alkohol hinzu, bis Sie die M\u00fcnze wieder sehen. Norwegische Spezialit\u00e4t.",
      "strInstructionsFR": null,
      "strInstructionsIT": "Metti una moneta di rame in una tazza da caff\u00e8 e riempila di caff\u00e8 finch\u00e9 non vedi pi\u00f9 la moneta, quindi aggiungi l'alcol finch\u00e9 non vedi la moneta. Specialit\u00e0 norvegese.",
      "strInstructionsZH-HANS": null,
      "strInstructionsZH-HANT": null,
      "strDrinkThumb": "https:\/\/www.thecocktaildb.com\/images\/media\/drink\/808mxk1487602471.jpg",
      "strIngredient1": "Coffee",
      "strIngredient2": "Grain alcohol",
      "strIngredient3": null,
      "strIngredient4": null,
      "strIngredient5": null,
      "strIngredient6": null,
      "strIngredient7": null,
      "strIngredient8": null,
      "strIngredient9": null,
      "strIngredient10": null,
      "strIngredient11": null,
      "strIngredient12": null,
      "strIngredient13": null,
      "strIngredient14": null,
      "strIngredient15": null,
      "strMeasure1": "1 part ",
      "strMeasure2": "2 parts ",
      "strMeasure3": null,
      "strMeasure4": null,
      "strMeasure5": null,
      "strMeasure6": null,
      "strMeasure7": null,
      "strMeasure8": null,
      "strMeasure9": null,
      "strMeasure10": null,
      "strMeasure11": null,
      "strMeasure12": null,
      "strMeasure13": null,
      "strMeasure14": null,
      "strMeasure15": null,
      "strImageSource": null,
      "strImageAttribution": null,
      "strCreativeCommonsConfirmed": "No",
      "dateModified": "2017-02-20 14:54:31"
    },
    {
      "idDrink": "17254",
      "strDrink": "Bijou",
      "strDrinkAlternate": null,
      "strTags": null,
      "strVideo": null,
      "strCategory": "Cocktail",
      "strIBA": null,
      "strAlcoholic": "Alcoholic",
      "strGlass": "Cocktail glass",
      "strInstructions": "Stir in mixing glass with ice and strain\r\n",
      "strInstructionsES": null,
      "strInstructionsDE": "In Mischglas mit Eis verr\u00fchren und abseihen.",
      "strInstructionsFR": null,
      "strInstructionsIT": "Mescolare nel mixing glass con ghiaccio e filtrare",
      "strInstructionsZH-HANS": null,
      "strInstructionsZH-HANT": null,
      "strDrinkThumb": "https:\/\/www.thecocktaildb.com\/images\/media\/drink\/rysb3r1513706985.jpg",
      "strIngredient1": "Orange Bitters",
      "strIngredient2": "Green Chartreuse",
      "strIngredient3": "Gin",
      "strIngredient4": "Sweet Vermouth",
      "strIngredient5": null,
      "strIngredient6": null,
      "strIngredient7": null,
      "strIngredient8": null,
      "strIngredient9": null,
      "strIngredient10": null,
      "strIngredient11": null,
      "strIngredient12": null,
      "strIngredient13": null,
      "strIngredient14": null,
      "strIngredient15": null,
      "strMeasure1": "1 dash",
      "strMeasure2": "1 oz",
      "strMeasure3": "1 oz",
      "strMeasure4": "1 oz",
      "strMeasure5": null,
      "strMeasure6": null,
      "strMeasure7": null,
      "strMeasure8": null,
      "strMeasure9": null,
      "strMeasure10": null,
      "strMeasure11": null,
      "strMeasure12": null,
      "strMeasure13": null,
      "strMeasure14": null,
      "strMeasure15": null,
      "strImageSource": null,
      "strImageAttribution": null,
      "strCreativeCommonsConfirmed": "No",
      "dateModified": "2017-12-19 18:09:45"
    },
    {
      "idDrink": "17187",
      "strDrink": "Derby",
      "strDrinkAlternate": null,
      "strTags": "Classic,IBA",
      "strVideo": "https:\/\/www.youtube.com\/watch?v=bYQTTokGkFI",
      "strCategory": "Ordinary Drink",
      "strIBA": "Unforgettables",
      "strAlcoholic": "Alcoholic",
      "strGlass": "Cocktail glass",
      "strInstructions": "Pour all ingredients into a mixing glass with ice. Stir. Strain into a cocktail glass. Garnish with a sprig of fresh mint in the drink.",
      "strInstructionsES": null,
      "strInstructionsDE": "Alle Zutaten in ein Mischglas mit Eis geben. R\u00fchren. In ein Cocktailglas abseihen. Mit einem Zweig frischer Minze im Getr\u00e4nk garnieren.",
      "strInstructionsFR": null,
      "strInstructionsIT": "Versare tutti gli ingredienti in un mixing glass con ghiaccio. Filtrare in un bicchiere da cocktail. Agitare. Guarnire con un rametto di menta fresca nella bevanda.",
      "strInstructionsZH-HANS": null,
      "strInstructionsZH-HANT": null,
      "strDrinkThumb": "https:\/\/www.thecocktaildb.com\/images\/media\/drink\/52weey1606772672.jpg",
      "strIngredient1": "gin",
      "strIngredient2": "Peach Bitters",
      "strIngredient3": "Mint",
      "strIngredient4": null,
      "strIngredient5": null,
      "strIngredient6": null,
      "strIngredient7": null,
      "strIngredient8": null,
      "strIngredient9": null,
      "strIngredient10": null,
      "strIngredient11": null,
      "strIngredient12": null,
      "strIngredient13": null,
      "strIngredient14": null,
      "strIngredient15": null,
      "strMeasure1": "6 cl",
      "strMeasure2": "2 dashes",
      "strMeasure3": "2 Fresh leaves",
      "strMeasure4": null,
      "strMeasure5": null,
      "strMeasure6": null,
      "strMeasure7": null,
      "strMeasure8": null,
      "strMeasure9": null,
      "strMeasure10": null,
      "strMeasure11": null,
      "strMeasure12": null,
      "strMeasure13": null,
      "strMeasure14": null,
      "strMeasure15": null,
      "strImageSource": "https:\/\/commons.wikimedia.org\/wiki\/File:IBA_Cocktail_Derby_(28968231993).jpg",
      "strImageAttribution": "Michael Styne https:\/\/www.flickr.com\/photos\/mstyne\/28968231993\/",
      "strCreativeCommonsConfirmed": "No",
      "dateModified": "2017-09-02 11:45:56"
    },
    {
      "idDrink": "15328",
      "strDrink": "Zorro",
      "strDrinkAlternate": null,
      "strTags": null,
      "strVideo": null,
      "strCategory": "Coffee \/ Tea",
      "strIBA": null,
      "strAlcoholic": "Alcoholic",
      "strGlass": "Coffee Mug",
      "strInstructions": "add all and pour black coffee and add whipped cream on top.",
      "strInstructionsES": null,
      "strInstructionsDE": "Alles hinzuf\u00fcgen, schwarzen Kaffee einf\u00fcllen und mit Schlagsahne \u00fcbergie\u00dfen.",
      "strInstructionsFR": null,
      "strInstructionsIT": "Aggiungere il tutto e versare il caff\u00e8 nero e aggiungere sopra la panna montata.",
      "strInstructionsZH-HANS": null,
      "strInstructionsZH-HANT": null,
      "strDrinkThumb": "https:\/\/www.thecocktaildb.com\/images\/media\/drink\/kvvd4z1485621283.jpg",
      "strIngredient1": "Sambuca",
      "strIngredient2": "Baileys irish cream",
      "strIngredient3": "White Creme de Menthe",
      "strIngredient4": null,
      "strIngredient5": null,
      "strIngredient6": null,
      "strIngredient7": null,
      "strIngredient8": null,
      "strIngredient9": null,
      "strIngredient10": null,
      "strIngredient11": null,
      "strIngredient12": null,
      "strIngredient13": null,
      "strIngredient14": null,
      "strIngredient15": null,
      "strMeasure1": "2 cl ",
      "strMeasure2": "2 cl ",
      "strMeasure3": "2 cl ",
      "strMeasure4": null,
      "strMeasure5": null,
      "strMeasure6": null,
      "strMeasure7": null,
      "strMeasure8": null,
      "strMeasure9": null,
      "strMeasure10": null,
      "strMeasure11": null,
      "strMeasure12": null,
      "strMeasure13": null,
      "strMeasure14": null,
      "strMeasure15": null,
      "strImageSource": null,
      "strImageAttribution": null,
      "strCreativeCommonsConfirmed": "No",
      "dateModified": "2017-01-28 16:34:43"
    },
    {
      "idDrink": "16031",
      "strDrink": "Radler",
      "strDrinkAlternate": null,
      "strTags": null,
      "strVideo": null,
      "strCategory": "Ordinary Drink",
      "strIBA": null,
      "strAlcoholic": "Alcoholic",
      "strGlass": "Highball glass",
      "strInstructions": "Pour beer into large mug, slowly add the 7-up (or Sprite).",
      "strInstructionsES": null,
      "strInstructionsDE": "Bier in einen gro\u00dfen Becher gie\u00dfen, langsam den 7-up (oder Sprite) hinzuf\u00fcgen.",
      "strInstructionsFR": null,
      "strInstructionsIT": "Versare la birra in una tazza grande, aggiungere lentamente il 7up (o Sprite).",
      "strInstructionsZH-HANS": null,
      "strInstructionsZH-HANT": null,
      "strDrinkThumb": "https:\/\/www.thecocktaildb.com\/images\/media\/drink\/xz8igv1504888995.jpg",
      "strIngredient1": "Beer",
      "strIngredient2": "7-Up",
      "strIngredient3": null,
      "strIngredient4": null,
      "strIngredient5": null,
      "strIngredient6": null,
      "strIngredient7": null,
      "strIngredient8": null,
      "strIngredient9": null,
      "strIngredient10": null,
      "strIngredient11": null,
      "strIngredient12": null,
      "strIngredient13": null,
      "strIngredient14": null,
      "strIngredient15": null,
      "strMeasure1": "12 oz ",
      "strMeasure2": "12 oz ",
      "strMeasure3": null,
      "strMeasure4": null,
      "strMeasure5": null,
      "strMeasure6": null,
      "strMeasure7": null,
      "strMeasure8": null,
      "strMeasure9": null,
      "strMeasure10": null,
      "strMeasure11": null,
      "strMeasure12": null,
      "strMeasure13": null,
      "strMeasure14": null,
      "strMeasure15": null,
      "strImageSource": null,
      "strImageAttribution": null,
      "strCreativeCommonsConfirmed": "No",
      "dateModified": "2017-09-08 17:43:15"
    },
    {
      "idDrink": "11872",
      "strDrink": "Orgasm",
      "strDrinkAlternate": null,
      "strTags": null,
      "strVideo": null,
      "strCategory": "Ordinary Drink",
      "strIBA": null,
      "strAlcoholic": "Alcoholic",
      "strGlass": "Cocktail glass",
      "strInstructions": "Shake all ingredients with ice, strain into a chilled cocktail glass, and serve.",
      "strInstructionsES": null,
      "strInstructionsDE": null,
      "strInstructionsFR": null,
      "strInstructionsIT": "Shakerare tutti gli ingredienti con ghiaccio, filtrare in una coppetta da cocktail fredda e servire.",
      "strInstructionsZH-HANS": null,
      "strInstructionsZH-HANT": null,
      "strDrinkThumb": "https:\/\/www.thecocktaildb.com\/images\/media\/drink\/vr6kle1504886114.jpg",
      "strIngredient1": "Creme de Cacao",
      "strIngredient2": "Amaretto",
      "strIngredient3": "Triple sec",
      "strIngredient4": "Vodka",
      "strIngredient5": "Light cream",
      "strIngredient6": null,
      "strIngredient7": null,
      "strIngredient8": null,
      "strIngredient9": null,
      "strIngredient10": null,
      "strIngredient11": null,
      "strIngredient12": null,
      "strIngredient13": null,
      "strIngredient14": null,
      "strIngredient15": null,
      "strMeasure1": "1\/2 oz white ",
      "strMeasure2": "1\/2 oz ",
      "strMeasure3": "1\/2 oz ",
      "strMeasure4": "1\/2 oz ",
      "strMeasure5": "1 oz ",
      "strMeasure6": null,
      "strMeasure7": null,
      "strMeasure8": null,
      "strMeasure9": null,
      "strMeasure10": null,
      "strMeasure11": null,
      "strMeasure12": null,
      "strMeasure13": null,
      "strMeasure14": null,
      "strMeasure15": null,
      "strImageSource": null,
      "strImageAttribution": null,
      "strCreativeCommonsConfirmed": "No",
      "dateModified": "2017-09-08 16:55:14"
    },
    {
      "idDrink": "15691",
      "strDrink": "Zoksel",
      "strDrinkAlternate": null,
      "strTags": null,
      "strVideo": null,
      "strCategory": "Soft Drink",
      "strIBA": null,
      "strAlcoholic": "Alcoholic",
      "strGlass": "Beer pilsner",
      "strInstructions": "No specific mixinginstructions, just poor every ingredient in one glass. The lemon goes with it.",
      "strInstructionsES": null,
      "strInstructionsDE": "Keine spezifischen Mischungsanweisungen, nur alle Zutaten in ein Glas geben. Dazu passt Zitrone.",
      "strInstructionsFR": null,
      "strInstructionsIT": "Nessuna istruzione di miscelazione specifica, versa ogni ingrediente in un bicchiere.\r\n",
      "strInstructionsZH-HANS": null,
      "strInstructionsZH-HANT": null,
      "strDrinkThumb": "https:\/\/www.thecocktaildb.com\/images\/media\/drink\/ft8ed01485620930.jpg",
      "strIngredient1": "Beer",
      "strIngredient2": "Root beer",
      "strIngredient3": "Lemonade",
      "strIngredient4": "Coca-Cola",
      "strIngredient5": "7-Up",
      "strIngredient6": "Creme de Cassis",
      "strIngredient7": "Lemon",
      "strIngredient8": null,
      "strIngredient9": null,
      "strIngredient10": null,
      "strIngredient11": null,
      "strIngredient12": null,
      "strIngredient13": null,
      "strIngredient14": null,
      "strIngredient15": null,
      "strMeasure1": null,
      "strMeasure2": null,
      "strMeasure3": null,
      "strMeasure4": " slice\n",
      "strMeasure5": null,
      "strMeasure6": null,
      "strMeasure7": null,
      "strMeasure8": null,
      "strMeasure9": null,
      "strMeasure10": null,
      "strMeasure11": null,
      "strMeasure12": null,
      "strMeasure13": null,
      "strMeasure14": null,
      "strMeasure15": null,
      "strImageSource": null,
      "strImageAttribution": null,
      "strCreativeCommonsConfirmed": "No",
      "dateModified": "2017-01-28 16:28:50"
    }
  ]
}