{
  "meals": [
    {
      "idMeal": "52779",
      "strMeal": "Cream Cheese Tart",
      "strDrinkAlternate": null,
      "strCategory": "Starter",
      "strArea": "Unknown",
      "strInstructions": "Crust: make a dough from 250g flour (I like mixing different flours like plain and wholegrain spelt flour), 125g butter, 1 egg and a pinch of salt, press it into a tart form and place it in the fridge. Filling: stir 300g cream cheese and 100ml milk until smooth, add in 3 eggs, 100g grated parmesan cheese and season with salt, pepper and nutmeg. Take the crust out of the fridge and prick the bottom with a fork. Pour in the filling and bake at 175 degrees C for about 25 minutes. Cover the tart with some aluminium foil after half the time. In the mean time, slice about 350g mini tomatoes. In a small pan heat 3tbsp olive oil, 3tbsp white vinegar, 1 tbsp honey, salt and pepper and combine well. Pour over the tomato slices and mix well. With a spoon, place the tomato slices on the tart, avoiding too much liquid on it. Decorate with basil leaves and enjoy",
      "strMealThumb": "https:\/\/www.themealdb.com\/images\/media\/meals\/wurrux1468416624.jpg",
      "strTags": "Tart,Savory",
      "strYoutube": "https:\/\/www.youtube.com\/watch?v=UhQPwO4uymo",
      "strIngredient1": "Flour",
      "strIngredient2": "Butter",
      "strIngredient3": "Egg",
      "strIngredient4": "Salt",
      "strIngredient5": "Cheese",
      "strIngredient6": "Milk",
      "strIngredient7": "Eggs",
      "strIngredient8": "Parmesan Cheese",
      "strIngredient9": "Plum tomatoes",
      "strIngredient10": "White Vinegar",
      "strIngredient11": "Honey",
      "strIngredient12": "Basil",
      "strIngredient13": "",
      "strIngredient14": "",
      "strIngredient15": "",
      "strIngredient16": null,
      "strIngredient17": null,
      "strIngredient18": null,
      "strIngredient19": null,
      "strIngredient20": null,
      "strMeasure1": "250g",
      "strMeasure2": "125g",
      "strMeasure3": "1",
      "strMeasure4": "Pinch",
      "strMeasure5": "300g",
      "strMeasure6": "100ml milk",
      "strMeasure7": "3",
      "strMeasure8": "100g",
      "strMeasure9": "350g",
      "strMeasure10": "3tbsp",
      "strMeasure11": "1 tbsp",
      "strMeasure12": "Topping",
      "strMeasure13": "",
      "strMeasure14": "",
      "strMeasure15": "",
      "strMeasure16": null,
      "strMeasure17": null,
      "strMeasure18": null,
      "strMeasure19": null,
      "strMeasure20": null,
      "strSource": "https:\/\/www.instagram.com\/p\/BHyuMZ1hZX0",
      "strImageSource": null,
      "strCreativeCommonsConfirmed": null,
      "dateModified": null
    },
    {
      "idMeal": "52968",
      "strMeal": "Mbuzi Choma (Roasted Goat)",
      "strDrinkAlternate": null,
      "strCategory": "Goat",
      "strArea": "Kenyan",
      "strInstructions": "1. Steps for the Meat: \r\n Roast meat over medium heat for 50 minutes and salt it as you turn it.\r\n\r\n2. Steps for Ugali:\r\nBring the water and salt to a boil in a heavy-bottomed saucepan. Stir in the cornmeal slowly, letting it fall through the fingers of your hand.\r\n\r\n3. Reduce heat to medium-low and continue stirring regularly, smashing any lumps with a spoon, until the mush pulls away from the sides of the pot and becomes very thick, about 10 minutes.\r\n\r\n4.Remove from heat and allow to cool.\r\n\r\n5. Place the ugali into a large serving bowl. Wet your hands with water, form a ball and serve.\r\n\r\n6. Steps for Kachumbari: Mix the tomatoes, onions, chili and coriander leaves in a bowl.\r\n\r\n7. Serve and enjoy!\r\n\r\n",
      "strMealThumb": "https:\/\/www.themealdb.com\/images\/media\/meals\/cuio7s1555492979.jpg",
      "strTags": "BBQ,Meat",
      "strYoutube": "",
      "strIngredient1": "Goat Meat",
      "strIngredient2": "Corn Flour",
      "strIngredient3": "Tomatoes",
      "strIngredient4": "Salt",
      "strIngredient5": "Onion",
      "strIngredient6": "Green Chilli",
      "strIngredient7": "Coriander Leaves",
      "strIngredient8": "",
      "strIngredient9": "",
      "strIngredient10": "",
      "strIngredient11": "",
      "strIngredient12": "",
      "strIngredient13": "",
      "strIngredient14": "",
      "strIngredient15": "",
      "strIngredient16": "",
      "strIngredient17": "",
      "strIngredient18": "",
      "strIngredient19": "",
      "strIngredient20": "",
      "strMeasure1": "1 kg",
      "strMeasure2": "1 kg",
      "strMeasure3": "2",
      "strMeasure4": "Pinch",
      "strMeasure5": "1",
      "strMeasure6": "1",
      "strMeasure7": "1  bunch",
      "strMeasure8": " ",
      "strMeasure9": " ",
      "strMeasure10": " ",
      "strMeasure11": " ",
      "strMeasure12": " ",
      "strMeasure13": " ",
      "strMeasure14": " ",
      "strMeasure15": " ",
      "strMeasure16": " ",
      "strMeasure17": " ",
      "strMeasure18": " ",
      "strMeasure19": " ",
      "strMeasure20": " ",
      "strSource": "",
      "strImageSource": null,
      "strCreativeCommonsConfirmed": null,
      "dateModified": null
    },
    {
      "idMeal": "52775",
      "strMeal": "Vegan Lasagna",
      "strDrinkAlternate": null,
      "strCategory": "Vegan",
      "strArea": "Italian",
      "strInstructions": "1) Preheat oven to 180 degrees celcius. \r\n2) Boil vegetables for 5-7 minutes, until soft. Add lentils and bring to a gentle simmer, adding a stock cube if desired. Continue cooking and stirring until the lentils are soft, which should take about 20 minutes. \r\n3) Blanch spinach leaves for a few minutes in a pan, before removing and setting aside. \r\n4) Top up the pan with water and cook the lasagne sheets. When cooked, drain and set aside.\r\n5) To make the sauce, melt the butter and add the flour, then gradually add the soya milk along with the mustard and the vinegar. Cook and stir until smooth and then assemble the lasagne as desired in a baking dish. \r\n6) Bake in the preheated oven for about 25 minutes.",
      "strMealThumb": "https:\/\/www.themealdb.com\/images\/media\/meals\/rvxxuy1468312893.jpg",
      "strTags": "Vegan,Pasta",
      "strYoutube": "https:\/\/www.youtube.com\/watch?v=VU8cXvlGbvc",
      "strIngredient1": "green red lentils",
      "strIngredient2": "carrot",
      "strIngredient3": "onion",
      "strIngredient4": "zucchini",
      "strIngredient5": "coriander",
      "strIngredient6": "spinach",
      "strIngredient7": "lasagne sheets",
      "strIngredient8": "vegan butter",
      "strIngredient9": "flour",
      "strIngredient10": "soya milk",
      "strIngredient11": "mustard",
      "strIngredient12": "vinegar",
      "strIngredient13": "",
      "strIngredient14": "",
      "strIngredient15": "",
      "strIngredient16": null,
      "strIngredient17": null,
      "strIngredient18": null,
      "strIngredient19": null,
      "strIngredient20": null,
      "strMeasure1": "1 cups",
      "strMeasure2": "1",
      "strMeasure3": "1",
      "strMeasure4": "1 small",
      "strMeasure5": "sprinking",
      "strMeasure6": "150g",
      "strMeasure7": "10",
      "strMeasure8": "35g",
      "strMeasure9": "4 tablespoons",
      "strMeasure10": "300ml",
      "strMeasure11": "1.5 teaspoons",
      "strMeasure12": "1 teaspoon",
      "strMeasure13": "",
      "strMeasure14": "",
      "strMeasure15": "",
      "strMeasure16": null,
      "strMeasure17": null,
      "strMeasure18": null,
      "strMeasure19": null,
      "strMeasure20": null,
      "strSource": null,
      "strImageSource": null,
      "strCreativeCommonsConfirmed": null,
      "dateModified": null
    },
    {
      "idMeal": "52957",
      "strMeal": "Fruit and Cream Cheese ",
      "strDrinkAlternate": null,
      "strCategory": "Breakfast",
      "strArea": "American",
      "strInstructions": "Preheat oven to 400\u00baF (200\u00baC), and prepare two cookie sheets with parchment paper. In a bowl, mix cream cheese, sugar, and vanilla until fully combined. Lightly flour the surface and roll out puff pastry on top to flatten. Cut each sheet of puff pastry into 9 equal squares. On the top right and bottom left of the pastry, cut an L shape approximately \u00bd inch (1 cm) from the edge.\r\nNOTE: This L shape should reach all the way down and across the square, however both L shapes should not meet at the ends. Your pastry should look like a picture frame with two corners still intact.\r\nTake the upper right corner and fold down towards the inner bottom corner. You will now have a diamond shape.\r\nPlace 1 to 2 teaspoons of the cream cheese filling in the middle, then place berries on top.\r\nRepeat with the remaining pastry squares and place them onto the parchment covered baking sheet.\r\nBake for 15-20 minutes or until pastry is golden brown and puffed.\r\nEnjoy!\r\n",
      "strMealThumb": "https:\/\/www.themealdb.com\/images\/media\/meals\/1543774956.jpg",
      "strTags": "Breakfast,Summer",
      "strYoutube": "",
      "strIngredient1": "Cream Cheese",
      "strIngredient2": "Sugar",
      "strIngredient3": "Vanilla Extract",
      "strIngredient4": "Flour",
      "strIngredient5": "Puff Pastry",
      "strIngredient6": "Strawberries",
      "strIngredient7": "Raspberries",
      "strIngredient8": "Blackberries",
      "strIngredient9": "",
      "strIngredient10": "",
      "strIngredient11": "",
      "strIngredient12": "",
      "strIngredient13": "",
      "strIngredient14": "",
      "strIngredient15": "",
      "strIngredient16": "",
      "strIngredient17": "",
      "strIngredient18": "",
      "strIngredient19": "",
      "strIngredient20": "",
      "strMeasure1": "1 1\/4 oz ",
      "strMeasure2": "1 1\/4 cup",
      "strMeasure3": "1 teaspoon",
      "strMeasure4": "",
      "strMeasure5": "2",
      "strMeasure6": "",
      "strMeasure7": "",
      "strMeasure8": "",
      "strMeasure9": "",
      "strMeasure10": "",
      "strMeasure11": "",
      "strMeasure12": "",
      "strMeasure13": "",
      "strMeasure14": "",
      "strMeasure15": "",
      "strMeasure16": "",
      "strMeasure17": "",
      "strMeasure18": "",
      "strMeasure19": "",
      "strMeasure20": "",
      "strSource": "",
      "strImageSource": null,
      "strCreativeCommonsConfirmed": null,
      "dateModified": null
    },
    {
      "idMeal": "52977",
      "strMeal": "Corba",
      "strDrinkAlternate": null,
      "strCategory": "Side",
      "strArea": "Turkish",
      "strInstructions": "Pick through your lentils for any foreign debris, rinse them 2 or 3 times, drain, and set aside.  Fair warning, this will probably turn your lentils into a solid block that you\u2019ll have to break up later\r\nIn a large pot over medium-high heat, saut\u00e9 the olive oil and the onion with a pinch of salt for about 3 minutes, then add the carrots and cook for another 3 minutes.\r\nAdd the tomato paste and stir it around for around 1 minute. Now add the cumin, paprika, mint, thyme, black pepper, and red pepper as quickly as you can and stir for 10 seconds to bloom the spices. Congratulate yourself on how amazing your house now smells.\r\nImmediately add the lentils, water, broth, and salt. Bring the soup to a (gentle) boil.\r\nAfter it has come to a boil, reduce heat to medium-low, cover the pot halfway, and cook for 15-20 minutes or until the lentils have fallen apart and the carrots are completely cooked.\r\nAfter the soup has cooked and the lentils are tender, blend the soup either in a blender or simply use a hand blender to reach the consistency you desire. Taste for seasoning and add more salt if necessary.\r\nServe with crushed-up crackers, torn up bread, or something else to add some extra thickness.  You could also use a traditional thickener (like cornstarch or flour), but I prefer to add crackers for some texture and saltiness.  Makes great leftovers, stays good in the fridge for about a week.",
      "strMealThumb": "https:\/\/www.themealdb.com\/images\/media\/meals\/58oia61564916529.jpg",
      "strTags": "Soup",
      "strYoutube": "https:\/\/www.youtube.com\/watch?v=VVnZd8A84z4",
      "strIngredient1": "Lentils",
      "strIngredient2": "Onion",
      "strIngredient3": "Carrots",
      "strIngredient4": "Tomato Puree",
      "strIngredient5": "Cumin",
      "strIngredient6": "Paprika",
      "strIngredient7": "Mint",
      "strIngredient8": "Thyme",
      "strIngredient9": "Black Pepper",
      "strIngredient10": "Red Pepper Flakes",
      "strIngredient11": "Vegetable Stock",
      "strIngredient12": "Water",
      "strIngredient13": "Sea Salt",
      "strIngredient14": "",
      "strIngredient15": "",
      "strIngredient16": "",
      "strIngredient17": "",
      "strIngredient18": "",
      "strIngredient19": "",
      "strIngredient20": "",
      "strMeasure1": "1 cup ",
      "strMeasure2": "1 large",
      "strMeasure3": "1 large",
      "strMeasure4": "1 tbs",
      "strMeasure5": "2 tsp",
      "strMeasure6": "1 tsp ",
      "strMeasure7": "1\/2 tsp",
      "strMeasure8": "1\/2 tsp",
      "strMeasure9": "1\/4 tsp",
      "strMeasure10": "1\/4 tsp",
      "strMeasure11": "4 cups ",
      "strMeasure12": "1 cup ",
      "strMeasure13": "Pinch",
      "strMeasure14": " ",
      "strMeasure15": " ",
      "strMeasure16": " ",
      "strMeasure17": " ",
      "strMeasure18": " ",
      "strMeasure19": " ",
      "strMeasure20": " ",
      "strSource": "https:\/\/findingtimeforcooking.com\/main-dishes\/red-lentil-soup-corba\/",
      "strImageSource": null,
      "strCreativeCommonsConfirmed": null,
      "dateModified": null
    },
    {
      "idMeal": "53060",
      "strMeal": "Burek",
      "strDrinkAlternate": null,
      "strCategory": "Side",
      "strArea": "Croatian",
      "strInstructions": "Fry the finely chopped onions and minced meat in oil. Add the salt and pepper. Grease a round baking tray and put a layer of pastry in it. Cover with a thin layer of filling and cover this with another layer of filo pastry which must be well coated in oil. Put another layer of filling and cover with pastry. When you have five or six layers, cover with filo pastry, bake at 200\u00baC\/392\u00baF for half an hour and cut in quarters and serve.",
      "strMealThumb": "https:\/\/www.themealdb.com\/images\/media\/meals\/tkxquw1628771028.jpg",
      "strTags": "Streetfood, Onthego",
      "strYoutube": "https:\/\/www.youtube.com\/watch?v=YsJXZwE5pdY",
      "strIngredient1": "Filo Pastry",
      "strIngredient2": "Minced Beef",
      "strIngredient3": "Onion",
      "strIngredient4": "Oil",
      "strIngredient5": "Salt",
      "strIngredient6": "Pepper",
      "strIngredient7": "",
      "strIngredient8": "",
      "strIngredient9": "",
      "strIngredient10": "",
      "strIngredient11": "",
      "strIngredient12": "",
      "strIngredient13": "",
      "strIngredient14": "",
      "strIngredient15": "",
      "strIngredient16": "",
      "strIngredient17": "",
      "strIngredient18": "",
      "strIngredient19": "",
      "strIngredient20": "",
      "strMeasure1": "1 Packet",
      "strMeasure2": "150g",
      "strMeasure3": "150g",
      "strMeasure4": "40g",
      "strMeasure5": "Dash",
      "strMeasure6": "Dash",
      "strMeasure7": " ",
      "strMeasure8": " ",
      "strMeasure9": " ",
      "strMeasure10": " ",
      "strMeasure11": " ",
      "strMeasure12": " ",
      "strMeasure13": " ",
      "strMeasure14": " ",
      "strMeasure15": " ",
      "strMeasure16": " ",
      "strMeasure17": " ",
      "strMeasure18": " ",
      "strMeasure19": " ",
      "strMeasure20": " ",
      "strSource": "https:\/\/www.visit-croatia.co.uk\/croatian-cuisine\/croatian-recipes\/",
      "strImageSource": null,
      "strCreativeCommonsConfirmed": null,
      "dateModified": null
    },
    {
      "idMeal": "53065",
      "strMeal": "Sushi",
      "strDrinkAlternate": null,
      "strCategory": "Seafood",
      "strArea": "Japanese",
      "strInstructions": "STEP 1\r\nTO MAKE SUSHI ROLLS: Pat out some rice. Lay a nori sheet on the mat, shiny-side down. Dip your hands in the vinegared water, then pat handfuls of rice on top in a 1cm thick layer, leaving the furthest edge from you clear.\r\n\r\nSTEP 2\r\nSpread over some Japanese mayonnaise. Use a spoon to spread out a thin layer of mayonnaise down the middle of the rice.\r\n\r\nSTEP 3\r\nAdd the filling. Get your child to top the mayonnaise with a line of their favourite fillings \u2013 here we\u2019ve used tuna and cucumber.\r\n\r\nSTEP 4\r\nRoll it up. Lift the edge of the mat over the rice, applying a little pressure to keep everything in a tight roll.\r\n\r\nSTEP 5\r\nStick down the sides like a stamp. When you get to the edge without any rice, brush with a little water and continue to roll into a tight roll.\r\n\r\nSTEP 6\r\nWrap in cling film. Remove the mat and roll tightly in cling film before a grown-up cuts the sushi into thick slices, then unravel the cling film.\r\n\r\nSTEP 7\r\nTO MAKE PRESSED SUSHI: Layer over some smoked salmon. Line a loaf tin with cling film, then place a thin layer of smoked salmon inside on top of the cling film.\r\n\r\nSTEP 8\r\nCover with rice and press down. Press about 3cm of rice over the fish, fold the cling film over and press down as much as you can, using another tin if you have one.\r\n\r\nSTEP 9\r\nTip it out like a sandcastle. Turn block of sushi onto a chopping board. Get a grown-up to cut into fingers, then remove the cling film.\r\n\r\nSTEP 10\r\nTO MAKE SUSHI BALLS: Choose your topping. Get a small square of cling film and place a topping, like half a prawn or a small piece of smoked salmon, on it. Use damp hands to roll walnut-sized balls of rice and place on the topping.\r\n\r\nSTEP 11\r\nMake into tight balls. Bring the corners of the cling film together and tighten into balls by twisting it up, then unwrap and serve.",
      "strMealThumb": "https:\/\/www.themealdb.com\/images\/media\/meals\/g046bb1663960946.jpg",
      "strTags": null,
      "strYoutube": "https:\/\/www.youtube.com\/watch?v=ub68OxEypaY",
      "strIngredient1": "Sushi Rice",
      "strIngredient2": "Rice wine",
      "strIngredient3": "Caster Sugar",
      "strIngredient4": "Mayonnaise",
      "strIngredient5": "Rice wine",
      "strIngredient6": "Soy Sauce",
      "strIngredient7": "Cucumber",
      "strIngredient8": "",
      "strIngredient9": "",
      "strIngredient10": "",
      "strIngredient11": "",
      "strIngredient12": "",
      "strIngredient13": "",
      "strIngredient14": "",
      "strIngredient15": "",
      "strIngredient16": "",
      "strIngredient17": "",
      "strIngredient18": "",
      "strIngredient19": "",
      "strIngredient20": "",
      "strMeasure1": "300ml ",
      "strMeasure2": "100ml",
      "strMeasure3": "2 tbs",
      "strMeasure4": "3 tbs",
      "strMeasure5": "1 tbs",
      "strMeasure6": "1 tbs",
      "strMeasure7": "1",
      "strMeasure8": " ",
      "strMeasure9": " ",
      "strMeasure10": " ",
      "strMeasure11": " ",
      "strMeasure12": " ",
      "strMeasure13": " ",
      "strMeasure14": " ",
      "strMeasure15": " ",
      "strMeasure16": " ",
      "strMeasure17": " ",
      "strMeasure18": " ",
      "strMeasure19": " ",
      "strMeasure20": " ",
      "strSource": "https:\/\/www.bbcgoodfood.com\/recipes\/simple-sushi",
      "strImageSource": null,
      "strCreativeCommonsConfirmed": null,
      "dateModified": null
    },
    {
      "idMeal": "52978",
      "strMeal": "Kumpir",
      "strDrinkAlternate": null,
      "strCategory": "Side",
      "strArea": "Turkish",
      "strInstructions": "If you order kumpir in Turkey, the standard filling is first, lots of butter mashed into the potato, followed by cheese. There\u2019s then a row of other toppings that you can just point at to your heart\u2019s content \u2013 sweetcorn, olives, salami, coleslaw, Russian salad, allsorts \u2013 and you walk away with an over-stuffed potato because you got ever-excited by the choices on offer.\r\n\r\nGrate (roughly \u2013 you can use as much as you like) 150g of cheese.\r\nFinely chop one onion and one sweet red pepper.\r\nPut these ingredients into a large bowl with a good sprinkling of salt and pepper, chilli flakes (optional).",
      "strMealThumb": "https:\/\/www.themealdb.com\/images\/media\/meals\/mlchx21564916997.jpg",
      "strTags": "SideDish",
      "strYoutube": "https:\/\/www.youtube.com\/watch?v=IEDEtZ4UVtI",
      "strIngredient1": "Potatoes",
      "strIngredient2": "Butter",
      "strIngredient3": "Cheese",
      "strIngredient4": "Onion",
      "strIngredient5": "Red Pepper",
      "strIngredient6": "Red Chile Flakes",
      "strIngredient7": "",
      "strIngredient8": "",
      "strIngredient9": "",
      "strIngredient10": "",
      "strIngredient11": "",
      "strIngredient12": "",
      "strIngredient13": "",
      "strIngredient14": "",
      "strIngredient15": "",
      "strIngredient16": "",
      "strIngredient17": "",
      "strIngredient18": "",
      "strIngredient19": "",
      "strIngredient20": "",
      "strMeasure1": "2 large",
      "strMeasure2": "2 tbs",
      "strMeasure3": "150g",
      "strMeasure4": "1 large",
      "strMeasure5": "1 large",
      "strMeasure6": "Pinch",
      "strMeasure7": " ",
      "strMeasure8": " ",
      "strMeasure9": " ",
      "strMeasure10": " ",
      "strMeasure11": " ",
      "strMeasure12": " ",
      "strMeasure13": " ",
      "strMeasure14": " ",
      "strMeasure15": " ",
      "strMeasure16": " ",
      "strMeasure17": " ",
      "strMeasure18": " ",
      "strMeasure19": " ",
      "strMeasure20": " ",
      "strSource": "http:\/\/www.turkeysforlife.com\/2013\/10\/firinda-kumpir-turkish-street-food.html",
      "strImageSource": null,
      "strCreativeCommonsConfirmed": null,
      "dateModified": null
    },
    {
      "idMeal": "53069",
      "strMeal": "Bistek",
      "strDrinkAlternate": null,
      "strCategory": "Beef",
      "strArea": "Filipino",
      "strInstructions": "0.\tMarinate beef in soy sauce, lemon (or calamansi), and ground black pepper for at least 1 hour. Note: marinate overnight for best result\r\n1.\tHeat the cooking oil in a pan then pan-fry half of the onions until the texture becomes soft. Set aside\r\n2.\tDrain the marinade from the beef. Set it aside. Pan-fry the beef on the same pan where the onions were fried for 1 minute per side. Remove from the pan. Set aside\r\n3.\tAdd more oil if needed. Saute garlic and remaining raw onions until onion softens.\r\n4.\tPour the remaining marinade and water. Bring to a boil.\r\n5.\tAdd beef. Cover the pan and simmer until the meat is tender. Note: Add water as needed.\r\n6.\tSeason with ground black pepper and salt as needed. Top with pan-fried onions.\r\n7.\tTransfer to a serving plate. Serve hot. Share and Enjoy!\r\n",
      "strMealThumb": "https:\/\/www.themealdb.com\/images\/media\/meals\/4pqimk1683207418.jpg",
      "strTags": null,
      "strYoutube": "https:\/\/www.youtube.com\/watch?v=xOQON5_S7as",
      "strIngredient1": "Beef",
      "strIngredient2": "Soy Sauce",
      "strIngredient3": "Lemon",
      "strIngredient4": "Garlic",
      "strIngredient5": "Onion",
      "strIngredient6": "Olive Oil",
      "strIngredient7": "Water",
      "strIngredient8": "Salt",
      "strIngredient9": "",
      "strIngredient10": "",
      "strIngredient11": "",
      "strIngredient12": "",
      "strIngredient13": "",
      "strIngredient14": "",
      "strIngredient15": "",
      "strIngredient16": "",
      "strIngredient17": "",
      "strIngredient18": "",
      "strIngredient19": "",
      "strIngredient20": "",
      "strMeasure1": "1 lb",
      "strMeasure2": "5 tablespoons",
      "strMeasure3": "1",
      "strMeasure4": "3 cloves",
      "strMeasure5": "3 parts ",
      "strMeasure6": "4 tbs",
      "strMeasure7": "1 cup ",
      "strMeasure8": "1 pinch",
      "strMeasure9": " ",
      "strMeasure10": " ",
      "strMeasure11": " ",
      "strMeasure12": " ",
      "strMeasure13": " ",
      "strMeasure14": " ",
      "strMeasure15": " ",
      "strMeasure16": " ",
      "strMeasure17": " ",
      "strMeasure18": " ",
      "strMeasure19": " ",
      "strMeasure20": " ",
      "strSource": "https:\/\/panlasangpinoy.com\/bistek-tagalog-beefsteak-recipe\/",
      "strImageSource": null,
      "strCreativeCommonsConfirmed": null,
      "dateModified": null
    },
    {
      "idMeal": "53026",
      "strMeal": "Tamiya",
      "strDrinkAlternate": null,
      "strCategory": "Vegetarian",
      "strArea": "Egyptian",
      "strInstructions": "oak the beans in water to cover overnight.Drain. If skinless beans are unavailable, rub to loosen the skins, then discard the skins. Pat the beans dry with a towel.\r\nGrind the beans in a food mill or meat grinder.If neither appliance is available, process them in a food processor but only until the beans form a paste. (If blended too smoothly, the batter tends to fall apart during cooking.) Add the scallions, garlic, cilantro, cumin, baking powder, cayenne, salt, pepper, and coriander, if using.  Refrigerate for at least 30 minutes.\r\nShape the bean mixture into 1-inch balls.Flatten slightly and coat with flour.\r\nHeat at least 1\u00bd-inches of oil over medium heat to 365 degrees.\r\nFry the patties in batches, turning once, until golden brown on all sides, about 5 minutes.Remove with a wire mesh skimmer or slotted spoon. Serve as part of a meze or in pita bread with tomato-cucumber salad and tahina sauce.",
      "strMealThumb": "https:\/\/www.themealdb.com\/images\/media\/meals\/n3xxd91598732796.jpg",
      "strTags": null,
      "strYoutube": "https:\/\/www.youtube.com\/watch?v=mulqW-J3Yy4",
      "strIngredient1": "Broad Beans",
      "strIngredient2": "Spring Onions",
      "strIngredient3": "Garlic Clove",
      "strIngredient4": "Parsley",
      "strIngredient5": "Cumin",
      "strIngredient6": "Baking Powder",
      "strIngredient7": "Cayenne Pepper",
      "strIngredient8": "Flour",
      "strIngredient9": "Vegetable Oil",
      "strIngredient10": "",
      "strIngredient11": "",
      "strIngredient12": "",
      "strIngredient13": "",
      "strIngredient14": "",
      "strIngredient15": "",
      "strIngredient16": "",
      "strIngredient17": "",
      "strIngredient18": "",
      "strIngredient19": "",
      "strIngredient20": "",
      "strMeasure1": "3 cups ",
      "strMeasure2": "6",
      "strMeasure3": "4",
      "strMeasure4": "1\/4 cup",
      "strMeasure5": "2 tsp",
      "strMeasure6": "1 tsp ",
      "strMeasure7": "1\/2 tsp",
      "strMeasure8": "Spinkling",
      "strMeasure9": "As required",
      "strMeasure10": " ",
      "strMeasure11": " ",
      "strMeasure12": " ",
      "strMeasure13": " ",
      "strMeasure14": " ",
      "strMeasure15": " ",
      "strMeasure16": " ",
      "strMeasure17": " ",
      "strMeasure18": " ",
      "strMeasure19": " ",
      "strMeasure20": " ",
      "strSource": "https:\/\/oukosher.org\/recipes\/tamiya-egyptian-dried-fava-bean-fritters\/",
      "strImageSource": null,
      "strCreativeCommonsConfirmed": null,
      "dateModified": null
    },
    {
      "idMeal": "52971",
      "strMeal": "Kafteji",
      "strDrinkAlternate": null,
      "strCategory": "Vegetarian",
      "strArea": "Tunisian",
      "strInstructions": "Peel potatoes and cut into 5cm cubes.\r\nPour 1-2 cm of olive oil into a large pan and heat up very hot. Fry potatoes until golden brown for 20 minutes, turning from time to time. Place on kitchen paper to drain.\r\nCut the peppers in half and remove seeds. Rub a little olive oil on them and place the cut side down on a baking tray. Place them under the grill. Grill until the skin is dark and bubbly. While the peppers are still hot, put them into a plastic sandwich bag and seal it. Take them out after 15 minutes and remove skins.\r\nIn the meantime, heat more olive oil another pan. Peel the onions and cut into thin rings. Fry for 15 minutes until golden brown, turning them often. Add the Ras el hanout at the end.\r\nCut the pumpkin into 5cm cubes and fry in the same pan you used for the potatoes for 10-15 minutes until it is soft and slightly browned. Place on kitchen paper.\r\nPour the remaining olive oil out of the pan and put all the cooked vegetables into the pan and mix. Whisk eggs and pour them over the vegetables. Put the lid on the pan so that the eggs cook. Put the contents of the pan onto a large chopping board, add salt and pepper and chopped and mix everything with a big knife.",
      "strMealThumb": "https:\/\/www.themealdb.com\/images\/media\/meals\/1bsv1q1560459826.jpg",
      "strTags": null,
      "strYoutube": "https:\/\/www.youtube.com\/watch?v=-TFf-Zu-xQU",
      "strIngredient1": "Potatoes",
      "strIngredient2": "Olive Oil",
      "strIngredient3": "Green Pepper",
      "strIngredient4": "Onions",
      "strIngredient5": "Ras el hanout",
      "strIngredient6": "Pumpkin",
      "strIngredient7": "Eggs",
      "strIngredient8": "Salt",
      "strIngredient9": "Pepper",
      "strIngredient10": "",
      "strIngredient11": "",
      "strIngredient12": "",
      "strIngredient13": "",
      "strIngredient14": "",
      "strIngredient15": "",
      "strIngredient16": "",
      "strIngredient17": "",
      "strIngredient18": "",
      "strIngredient19": "",
      "strIngredient20": "",
      "strMeasure1": "5 Large",
      "strMeasure2": "2 tbs",
      "strMeasure3": "1",
      "strMeasure4": "5",
      "strMeasure5": "1 tbs",
      "strMeasure6": "500g",
      "strMeasure7": "24 Skinned",
      "strMeasure8": "Pinch",
      "strMeasure9": "Pinch",
      "strMeasure10": " ",
      "strMeasure11": " ",
      "strMeasure12": " ",
      "strMeasure13": " ",
      "strMeasure14": " ",
      "strMeasure15": " ",
      "strMeasure16": " ",
      "strMeasure17": " ",
      "strMeasure18": " ",
      "strMeasure19": " ",
      "strMeasure20": " ",
      "strSource": "http:\/\/allrecipes.co.uk\/recipe\/12294\/kafteji--tunisian-fried-vegetables-.aspx",
      "strImageSource": null,
      "strCreativeCommonsConfirmed": null,
      "dateModified": null
    },
    {
      "idMeal": "52844",
      "strMeal": "Lasagne",
      "strDrinkAlternate": null,
      "strCategory": "Pasta",
      "strArea": "Italian",
      "strInstructions": "Heat the oil in a large saucepan. Use kitchen scissors to snip the bacon into small pieces, or use a sharp knife to chop it on a chopping board. Add the bacon to the pan and cook for just a few mins until starting to turn golden. Add the onion, celery and carrot, and cook over a medium heat for 5 mins, stirring occasionally, until softened.\r\nAdd the garlic and cook for 1 min, then tip in the mince and cook, stirring and breaking it up with a wooden spoon, for about 6 mins until browned all over.\r\nStir in the tomato pur\u00e9e and cook for 1 min, mixing in well with the beef and vegetables. Tip in the chopped tomatoes. Fill each can half full with water to rinse out any tomatoes left in the can, and add to the pan. Add the honey and season to taste. Simmer for 20 mins.\r\nHeat oven to 200C\/180C fan\/gas 6. To assemble the lasagne, ladle a little of the ragu sauce into the bottom of the roasting tin or casserole dish, spreading the sauce all over the base. Place 2 sheets of lasagne on top of the sauce overlapping to make it fit, then repeat with more sauce and another layer of pasta. Repeat with a further 2 layers of sauce and pasta, finishing with a layer of pasta.\r\nPut the cr\u00e8me fra\u00eeche in a bowl and mix with 2 tbsp water to loosen it and make a smooth pourable sauce. Pour this over the top of the pasta, then top with the mozzarella. Sprinkle Parmesan over the top and bake for 25\u201330 mins until golden and bubbling. Serve scattered with basil, if you like.",
      "strMealThumb": "https:\/\/www.themealdb.com\/images\/media\/meals\/wtsvxx1511296896.jpg",
      "strTags": null,
      "strYoutube": "https:\/\/www.youtube.com\/watch?v=gfhfsBPt46s",
      "strIngredient1": "Olive Oil",
      "strIngredient2": "Bacon",
      "strIngredient3": "Onion",
      "strIngredient4": "Celery",
      "strIngredient5": "Carrots",
      "strIngredient6": "Garlic",
      "strIngredient7": "Minced Beef",
      "strIngredient8": "Tomato Puree",
      "strIngredient9": "Chopped Tomatoes",
      "strIngredient10": "Honey",
      "strIngredient11": "Lasagne Sheets",
      "strIngredient12": "Creme Fraiche",
      "strIngredient13": "Mozzarella Balls",
      "strIngredient14": "Parmesan Cheese",
      "strIngredient15": "Basil Leaves",
      "strIngredient16": "",
      "strIngredient17": "",
      "strIngredient18": "",
      "strIngredient19": "",
      "strIngredient20": "",
      "strMeasure1": "1 tblsp ",
      "strMeasure2": "2",
      "strMeasure3": "1 finely chopped ",
      "strMeasure4": "1 Stick",
      "strMeasure5": "1 medium",
      "strMeasure6": "2 cloves chopped",
      "strMeasure7": "500g",
      "strMeasure8": "1 tbls",
      "strMeasure9": "800g",
      "strMeasure10": "1 tblsp ",
      "strMeasure11": "500g",
      "strMeasure12": "400ml",
      "strMeasure13": "125g",
      "strMeasure14": "50g",
      "strMeasure15": "Topping",
      "strMeasure16": "",
      "strMeasure17": "",
      "strMeasure18": "",
      "strMeasure19": "",
      "strMeasure20": "",
      "strSource": "https:\/\/www.bbcgoodfood.com\/recipes\/classic-lasagne",
      "strImageSource": null,
      "strCreativeCommonsConfirmed": null,
      "dateModified": null
    },
    {
      "idMeal": "52785",
      "strMeal": "Dal fry",
      "strDrinkAlternate": null,
      "strCategory": "Vegetarian",
      "strArea": "Indian",
      "strInstructions": "Wash and soak toor dal in approx. 3 cups of water, for at least one hours. Dal will be double in volume after soaking. Drain the water.\r\nCook dal with 2-1\/2 cups water and add salt, turmeric, on medium high heat, until soft in texture (approximately 30 mins) it should be like thick soup.\r\nIn a frying pan, heat the ghee. Add cumin seeds, and mustard seeds. After the seeds crack, add bay leaves, green chili, ginger and chili powder. Stir for a few seconds.\r\nAdd tomatoes, salt and sugar stir and cook until tomatoes are tender and mushy.\r\nAdd cilantro and garam masala cook for about one minute.\r\nPour the seasoning over dal mix it well and cook for another minute.\r\nServe with Naan.",
      "strMealThumb": "https:\/\/www.themealdb.com\/images\/media\/meals\/wuxrtu1483564410.jpg",
      "strTags": "Curry,Vegetarian,Cake",
      "strYoutube": "https:\/\/www.youtube.com\/watch?v=J4D855Q9-jg",
      "strIngredient1": "Toor dal",
      "strIngredient2": "Water",
      "strIngredient3": "Salt",
      "strIngredient4": "Turmeric",
      "strIngredient5": "Ghee",
      "strIngredient6": "Chopped tomatoes",
      "strIngredient7": "Cumin seeds",
      "strIngredient8": "Mustard Seeds",
      "strIngredient9": "Bay Leaf",
      "strIngredient10": "Green Chili",
      "strIngredient11": "Ginger",
      "strIngredient12": "Cilantro",
      "strIngredient13": "Red Pepper",
      "strIngredient14": "Salt",
      "strIngredient15": "Sugar",
      "strIngredient16": "Garam Masala",
      "strIngredient17": "",
      "strIngredient18": "",
      "strIngredient19": "",
      "strIngredient20": "",
      "strMeasure1": "1 cup",
      "strMeasure2": "2-1\/2 cups",
      "strMeasure3": "1 tsp",
      "strMeasure4": "1\/4 tsp",
      "strMeasure5": "3 tbs",
      "strMeasure6": "1 cup",
      "strMeasure7": "1\/2 tsp",
      "strMeasure8": "1\/2 tsp",
      "strMeasure9": "2",
      "strMeasure10": "1 tbs chopped",
      "strMeasure11": "2 tsp shredded",
      "strMeasure12": "2 tbs ",
      "strMeasure13": "1\/2 tsp",
      "strMeasure14": "1\/2 tsp",
      "strMeasure15": "1 tsp",
      "strMeasure16": "1\/4 tsp",
      "strMeasure17": "",
      "strMeasure18": "",
      "strMeasure19": "",
      "strMeasure20": "",
      "strSource": "https:\/\/www.instagram.com\/p\/BO21bpYD3Fu",
      "strImageSource": null,
      "strCreativeCommonsConfirmed": null,
      "dateModified": null
    },
    {
      "idMeal": "52948",
      "strMeal": "Wontons",
      "strDrinkAlternate": null,
      "strCategory": "Pork",
      "strArea": "Chinese",
      "strInstructions": "Combine pork, garlic, ginger, soy sauce, sesame oil, and vegetables in a bowl.\r\nSeparate wonton skins.\r\nPlace a heaping teaspoon of filling in the center of the wonton.\r\nBrush water on 2 borders of the skin, covering 1\/4 inch from the edge.\r\nFold skin over to form a triangle, sealing edges.\r\nPinch the two long outside points together.\r\nHeat oil to 450 degrees and fry 4 to 5 at a time until golden.\r\nDrain and serve with sauce.",
      "strMealThumb": "https:\/\/www.themealdb.com\/images\/media\/meals\/1525876468.jpg",
      "strTags": "MainMeal",
      "strYoutube": "https:\/\/www.youtube.com\/watch?v=9h9No18ZyCI",
      "strIngredient1": "Pork",
      "strIngredient2": "Garlic Clove",
      "strIngredient3": "Ginger",
      "strIngredient4": "Soy Sauce",
      "strIngredient5": "Sesame Seed Oil",
      "strIngredient6": "Carrots",
      "strIngredient7": "Celery",
      "strIngredient8": "Spring Onions",
      "strIngredient9": "Wonton Skin",
      "strIngredient10": "Oil",
      "strIngredient11": "Water",
      "strIngredient12": "",
      "strIngredient13": "",
      "strIngredient14": "",
      "strIngredient15": "",
      "strIngredient16": "",
      "strIngredient17": "",
      "strIngredient18": "",
      "strIngredient19": "",
      "strIngredient20": "",
      "strMeasure1": "1lb",
      "strMeasure2": "3 chopped",
      "strMeasure3": "1 tsp ",
      "strMeasure4": "1 tbs",
      "strMeasure5": "1 tsp ",
      "strMeasure6": "3 finely chopped",
      "strMeasure7": "3 finely chopped",
      "strMeasure8": "6 chopped",
      "strMeasure9": "1 Packet",
      "strMeasure10": "Fry",
      "strMeasure11": "Bottle",
      "strMeasure12": "",
      "strMeasure13": "",
      "strMeasure14": "",
      "strMeasure15": "",
      "strMeasure16": "",
      "strMeasure17": "",
      "strMeasure18": "",
      "strMeasure19": "",
      "strMeasure20": "",
      "strSource": "http:\/\/www.geniuskitchen.com\/recipe\/chinese-wontons-20235",
      "strImageSource": null,
      "strCreativeCommonsConfirmed": null,
      "dateModified": null
    },
    {
      "idMeal": "52804",
      "strMeal": "Poutine",
      "strDrinkAlternate": null,
      "strCategory": "Miscellaneous",
      "strArea": "Canadian",
      "strInstructions": "Heat oil in a deep fryer or deep heavy skillet to 365\u00b0F (185\u00b0C).\r\nWarm gravy in saucepan or microwave.\r\nPlace the fries into the hot oil, and cook until light brown, about 5 minutes.\r\nRemove to a paper towel lined plate to drain.\r\nPlace the fries on a serving platter, and sprinkle the cheese over them.\r\nLadle gravy over the fries and cheese, and serve immediately.",
      "strMealThumb": "https:\/\/www.themealdb.com\/images\/media\/meals\/uuyrrx1487327597.jpg",
      "strTags": "UnHealthy,Speciality,HangoverFood",
      "strYoutube": "https:\/\/www.youtube.com\/watch?v=UVAMAoA2_WU",
      "strIngredient1": "Vegetable Oil",
      "strIngredient2": "Beef Gravy",
      "strIngredient3": "Potatoes",
      "strIngredient4": "Cheese Curds",
      "strIngredient5": "",
      "strIngredient6": "",
      "strIngredient7": "",
      "strIngredient8": "",
      "strIngredient9": "",
      "strIngredient10": "",
      "strIngredient11": "",
      "strIngredient12": "",
      "strIngredient13": "",
      "strIngredient14": "",
      "strIngredient15": "",
      "strIngredient16": "",
      "strIngredient17": "",
      "strIngredient18": "",
      "strIngredient19": "",
      "strIngredient20": "",
      "strMeasure1": "Dash",
      "strMeasure2": "1 Can",
      "strMeasure3": "5 thin cut",
      "strMeasure4": "2 cups",
      "strMeasure5": "",
      "strMeasure6": "",
      "strMeasure7": "",
      "strMeasure8": "",
      "strMeasure9": "",
      "strMeasure10": "",
      "strMeasure11": "",
      "strMeasure12": "",
      "strMeasure13": "",
      "strMeasure14": "",
      "strMeasure15": "",
      "strMeasure16": "",
      "strMeasure17": "",
      "strMeasure18": "",
      "strMeasure19": "",
      "strMeasure20": "",
      "strSource": "http:\/\/www.food.com\/recipe\/real-canadian-poutine-113388",
      "strImageSource": null,
      "strCreativeCommonsConfirmed": null,
      "dateModified": null
    },
    {
      "idMeal": "52929",
      "strMeal": "Timbits",
      "strDrinkAlternate": null,
      "strCategory": "Dessert",
      "strArea": "Canadian",
      "strInstructions": "Sift together dry ingredients.\r\nMix together wet ingredients and incorporate into dry. Stir until smooth.\r\nDrop by teaspoonfuls(no bigger) into hot oil (365 degrees, no hotter), turning after a few moments until golden brown on all sides.\r\nRemove and drain.\r\nRoll in cinnamon sugar while still warm and serve.",
      "strMealThumb": "https:\/\/www.themealdb.com\/images\/media\/meals\/txsupu1511815755.jpg",
      "strTags": "Snack,Treat",
      "strYoutube": "https:\/\/www.youtube.com\/watch?v=fFLn1h80AGQ",
      "strIngredient1": "Flour",
      "strIngredient2": "Sugar",
      "strIngredient3": "Baking Powder",
      "strIngredient4": "Salt",
      "strIngredient5": "Egg",
      "strIngredient6": "Milk",
      "strIngredient7": "Oil",
      "strIngredient8": "Oil",
      "strIngredient9": "Icing Sugar",
      "strIngredient10": "",
      "strIngredient11": "",
      "strIngredient12": "",
      "strIngredient13": "",
      "strIngredient14": "",
      "strIngredient15": "",
      "strIngredient16": "",
      "strIngredient17": "",
      "strIngredient18": "",
      "strIngredient19": "",
      "strIngredient20": "",
      "strMeasure1": "2 cups ",
      "strMeasure2": "1\/3 cup",
      "strMeasure3": "3 tsp",
      "strMeasure4": "\u00bd tsp",
      "strMeasure5": "1 beaten",
      "strMeasure6": "\u00be cup",
      "strMeasure7": "3 tbs",
      "strMeasure8": "for frying",
      "strMeasure9": "garnish",
      "strMeasure10": "",
      "strMeasure11": "",
      "strMeasure12": "",
      "strMeasure13": "",
      "strMeasure14": "",
      "strMeasure15": "",
      "strMeasure16": "",
      "strMeasure17": "",
      "strMeasure18": "",
      "strMeasure19": "",
      "strMeasure20": "",
      "strSource": "http:\/\/www.geniuskitchen.com\/recipe\/drop-doughnuts-133877",
      "strImageSource": null,
      "strCreativeCommonsConfirmed": null,
      "dateModified": null
    },
    {
      "idMeal": "53027",
      "strMeal": "Koshari",
      "strDrinkAlternate": null,
      "strCategory": "Vegetarian",
      "strArea": "Egyptian",
      "strInstructions": "Cook the lentils. Bring lentils and 4 cups of water to a boil in a medium pot or saucepan over high heat. Reduce the heat to low and cook until lentils are just tender (15-17 minutes). Drain from water and season with a little salt. (Note: when the lentils are ready, they should not be fully cooked. They should be only par-cooked and still have a bite to them as they need to finish cooking with the rice).\r\nNow, for the rice. Drain the rice from its soaking water. Combine the par-cooked lentils and the rice in the saucepan over medium-high heat with 1 tbsp cooking oil, salt, pepper, and coriander. Cook for 3 minutes, stirring regularly. Add warm water to cover the rice and lentil mixture by about 1 1\/2 inches (you\u2019ll probably use about 3 cups of water here). Bring to a boil; the water should reduce a bit. Now cover and cook until all the liquid has been absorbed and both the rice and lentils are well cooked through (about 20 minutes).  Keep covered and undisturbed for 5 minutes or so.\r\nNow make the pasta. While the rice and lentils are cooking, make the pasta according to package instructions by adding the elbow pasta to boiling water with a dash of salt and a little oil. Cook until the pasta is al dente. Drain.\r\nCover the chickpeas and warm in the microwave briefly before serving.\r\n\r\nMake the crispy onion topping. \r\n\r\nSprinkle the onion rings with salt, then toss them in the flour to coat. Shake off excess flour.\r\nIn a large skillet, heat the cooking oil over medium-high heat, cook the onion rings, stirring often, until they turn a nice caramelized brown. Onions must be crispy, but not burned (15-20 minutes).",
      "strMealThumb": "https:\/\/www.themealdb.com\/images\/media\/meals\/4er7mj1598733193.jpg",
      "strTags": null,
      "strYoutube": "https:\/\/www.youtube.com\/watch?v=y0d2ZMZBW4Y",
      "strIngredient1": "Brown Lentils",
      "strIngredient2": "Rice",
      "strIngredient3": "Coriander",
      "strIngredient4": "Macaroni",
      "strIngredient5": "Chickpeas",
      "strIngredient6": "Onion",
      "strIngredient7": "Salt",
      "strIngredient8": "Vegetable Oil",
      "strIngredient9": "",
      "strIngredient10": "",
      "strIngredient11": "",
      "strIngredient12": "",
      "strIngredient13": "",
      "strIngredient14": "",
      "strIngredient15": "",
      "strIngredient16": "",
      "strIngredient17": "",
      "strIngredient18": "",
      "strIngredient19": "",
      "strIngredient20": "",
      "strMeasure1": "1 1\/2 cups ",
      "strMeasure2": "1 1\/2 cups ",
      "strMeasure3": "1\/2 tsp",
      "strMeasure4": "2 cups ",
      "strMeasure5": "Can",
      "strMeasure6": "1 large",
      "strMeasure7": "Sprinking",
      "strMeasure8": "1\/2 cup ",
      "strMeasure9": " ",
      "strMeasure10": " ",
      "strMeasure11": " ",
      "strMeasure12": " ",
      "strMeasure13": " ",
      "strMeasure14": " ",
      "strMeasure15": " ",
      "strMeasure16": " ",
      "strMeasure17": " ",
      "strMeasure18": " ",
      "strMeasure19": " ",
      "strMeasure20": " ",
      "strSource": "https:\/\/www.themediterraneandish.com\/egyptian-koshari-recipe\/",
      "strImageSource": null,
      "strCreativeCommonsConfirmed": null,
      "dateModified": null
    },
    {
      "idMeal": "53013",
      "strMeal": "Big Mac",
      "strDrinkAlternate": null,
      "strCategory": "Beef",
      "strArea": "American",
      "strInstructions": "For the Big Mac sauce, combine all the ingredients in a bowl, season with salt and chill until ready to use.\r\n2. To make the patties, season the mince with salt and pepper and form into 4 balls using about 1\/3 cup mince each. Place each onto a square of baking paper and flatten to form into four x 15cm circles. Heat oil in a large frypan over high heat. In 2 batches, cook beef patties for 1-2 minutes each side until lightly charred and cooked through. Remove from heat and keep warm. Repeat with remaining two patties.\r\n3. Carefully slice each burger bun into three acrossways, then lightly toast.\r\n4. To assemble the burgers, spread a little Big Mac sauce over the bottom base. Top with some chopped onion, shredded lettuce, slice of cheese, beef patty and some pickle slices. Top with the middle bun layer, and spread with more Big Mac sauce, onion, lettuce, pickles, beef patty and then finish with more sauce. Top with burger lid to serve.\r\n5. After waiting half an hour for your food to settle, go for a jog.",
      "strMealThumb": "https:\/\/www.themealdb.com\/images\/media\/meals\/urzj1d1587670726.jpg",
      "strTags": null,
      "strYoutube": "https:\/\/www.youtube.com\/watch?v=C5J39YnnPsg",
      "strIngredient1": "Minced Beef",
      "strIngredient2": "Olive Oil",
      "strIngredient3": "Sesame Seed Burger Buns",
      "strIngredient4": "Onion",
      "strIngredient5": "Iceberg Lettuce",
      "strIngredient6": "Cheese",
      "strIngredient7": "Dill Pickles",
      "strIngredient8": "Mayonnaise",
      "strIngredient9": "White Wine Vinegar",
      "strIngredient10": "Pepper",
      "strIngredient11": "Mustard",
      "strIngredient12": "Onion Salt",
      "strIngredient13": "Garlic Powder",
      "strIngredient14": "Paprika",
      "strIngredient15": "",
      "strIngredient16": "",
      "strIngredient17": "",
      "strIngredient18": "",
      "strIngredient19": "",
      "strIngredient20": "",
      "strMeasure1": "400g",
      "strMeasure2": "2 tbs",
      "strMeasure3": "2",
      "strMeasure4": "Chopped",
      "strMeasure5": "1\/4 ",
      "strMeasure6": "2 sliced",
      "strMeasure7": "2 large",
      "strMeasure8": "1 cup ",
      "strMeasure9": "2 tsp",
      "strMeasure10": "Pinch",
      "strMeasure11": "2 tsp",
      "strMeasure12": "1 1\/2 tsp ",
      "strMeasure13": "1 1\/2 tsp ",
      "strMeasure14": "1\/2 tsp",
      "strMeasure15": " ",
      "strMeasure16": " ",
      "strMeasure17": " ",
      "strMeasure18": " ",
      "strMeasure19": " ",
      "strMeasure20": " ",
      "strSource": "https:\/\/www.delicious.com.au\/recipes\/finally-recipe-worlds-top-selling-burger-big-mac\/5221ee4a-279e-4a0b-8629-f442dc46822e",
      "strImageSource": null,
      "strCreativeCommonsConfirmed": null,
      "dateModified": null
    },
    {
      "idMeal": "53028",
      "strMeal": "Shawarma",
      "strDrinkAlternate": null,
      "strCategory": "Chicken",
      "strArea": "Egyptian",
      "strInstructions": "Combine the marinade ingredients in a large ziplock bag (or bowl).\r\nAdd the chicken and use your hands to make sure each piece is coated. If using a ziplock bag, I find it convenient to close the bag then massage the bag to disperse the rub all over each chicken piece.\r\nMarinate overnight or up to 24 hours.\r\nCombine the Yoghurt Sauce ingredients in a bowl and mix. Cover and put in the fridge until required (it will last for 3 days in the fridge).\r\nHeat grill\/BBQ (or large heavy based pan on stove) on medium high. You should not need to oil it because the marinade has oil in it and also thigh fillets have fat. But if you are worried then oil your hotplate\/grill. (See notes for baking)\r\nPlace chicken on the grill and cook the first side for 4 to 5 minutes until nicely charred, then turn and cook the other side for 3 to 4 minutes (the 2nd side takes less time).\r\nRemove chicken from the grill and cover loosely with foil. Set aside to rest for 5 minutes.\r\nTO SERVE\r\nSlice chicken and pile onto platter alongside flatbreads, Salad and the Yoghurt Sauce.\r\nTo make a wrap, get a piece of flatbread and smear with Yoghurt Sauce. Top with a bit of lettuce and tomato and Chicken Shawarma. Roll up and enjoy!",
      "strMealThumb": "https:\/\/www.themealdb.com\/images\/media\/meals\/kcv6hj1598733479.jpg",
      "strTags": null,
      "strYoutube": "https:\/\/www.youtube.com\/watch?v=3lxUIeKDgic",
      "strIngredient1": "Chicken Thighs",
      "strIngredient2": "Coriander",
      "strIngredient3": "Cumin",
      "strIngredient4": "Cardamom",
      "strIngredient5": "Cayenne Pepper",
      "strIngredient6": "Paprika",
      "strIngredient7": "Lemon Juice",
      "strIngredient8": "Olive Oil",
      "strIngredient9": "Greek Yogurt",
      "strIngredient10": "Garlic Clove",
      "strIngredient11": "Cumin",
      "strIngredient12": "Lemon Juice",
      "strIngredient13": "Lettuce",
      "strIngredient14": "Tomato",
      "strIngredient15": "Pita Bread",
      "strIngredient16": "",
      "strIngredient17": "",
      "strIngredient18": "",
      "strIngredient19": "",
      "strIngredient20": "",
      "strMeasure1": "1 kg",
      "strMeasure2": "1 tbs",
      "strMeasure3": "1 tbs",
      "strMeasure4": "1 tbs",
      "strMeasure5": "1 tsp ",
      "strMeasure6": "2 tsp",
      "strMeasure7": "2 tbs",
      "strMeasure8": "3 tbs",
      "strMeasure9": "1 cup ",
      "strMeasure10": "1",
      "strMeasure11": "1 tsp ",
      "strMeasure12": "Splash",
      "strMeasure13": "Sliced",
      "strMeasure14": "Sliced",
      "strMeasure15": "6",
      "strMeasure16": " ",
      "strMeasure17": " ",
      "strMeasure18": " ",
      "strMeasure19": " ",
      "strMeasure20": " ",
      "strSource": "https:\/\/www.recipetineats.com\/chicken-sharwama-middle-eastern\/",
      "strImageSource": null,
      "strCreativeCommonsConfirmed": null,
      "dateModified": null
    },
    {
      "idMeal": "52980",
      "strMeal": "Stamppot",
      "strDrinkAlternate": null,
      "strCategory": "Pork",
      "strArea": "Dutch",
      "strInstructions": "\r\nWash and peel the potatoes and cut into similarly sized pieces for even cooking.\r\n\r\nIn a large soup pot, boil the potatoes and the bay leaves in salted water for 20 minutes. Discard the bay leaves.\r\n\r\nIf you're not using a bag of ready-cut curly kale, wash the bunches thoroughly under cool running water to get rid of all soil\u2014you wouldn't want that gritty texture in your finished dish. Trim any coarse stems and discard any brown leaves. With a sharp knife, cut the curly kale into thin strips.\r\n\r\nPeel and chop the shallots.\r\n\r\nIn a frying pan or skillet, melt 1 tbsp. of butter and saute the shallots for a few minutes before adding the curly kale and 2 tbsp. of water. Season and cook for about 10 minutes, or until tender.\r\n\r\nWarm the milk on the stove or in the microwave.\r\n\r\nDrain, shake and dry the potatoes with kitchen towels before mashing with a potato masher or ricer. Working quickly, add the warm milk and the remaining butter. Season to taste with nutmeg, salt, and pepper. \r\n\r\nMix the cooked curly kale through the cooked mashed potato mixture.\r\n\r\nTop with slices of the smoked sausage and serve hot with your favorite mustard or gravy.\r\n\r\nServe and enjoy!",
      "strMealThumb": "https:\/\/www.themealdb.com\/images\/media\/meals\/hyarod1565090529.jpg",
      "strTags": "Savory,Breakfast",
      "strYoutube": "https:\/\/www.youtube.com\/watch?v=hTrSXryX31A",
      "strIngredient1": "Potatoes",
      "strIngredient2": "Bay Leaf",
      "strIngredient3": "Shallots",
      "strIngredient4": "Butter",
      "strIngredient5": "Kale",
      "strIngredient6": "Sausages",
      "strIngredient7": "Milk",
      "strIngredient8": "Nutmeg",
      "strIngredient9": "Salt",
      "strIngredient10": "Pepper",
      "strIngredient11": "",
      "strIngredient12": "",
      "strIngredient13": "",
      "strIngredient14": "",
      "strIngredient15": "",
      "strIngredient16": "",
      "strIngredient17": "",
      "strIngredient18": "",
      "strIngredient19": "",
      "strIngredient20": "",
      "strMeasure1": "1.5kg",
      "strMeasure2": "2 leaves",
      "strMeasure3": "2",
      "strMeasure4": "3 tbs",
      "strMeasure5": "750g",
      "strMeasure6": "2",
      "strMeasure7": "500ml",
      "strMeasure8": "Grated",
      "strMeasure9": "Pinch",
      "strMeasure10": "Pinch",
      "strMeasure11": " ",
      "strMeasure12": " ",
      "strMeasure13": " ",
      "strMeasure14": " ",
      "strMeasure15": " ",
      "strMeasure16": " ",
      "strMeasure17": " ",
      "strMeasure18": " ",
      "strMeasure19": " ",
      "strMeasure20": " ",
      "strSource": "https:\/\/www.thespruceeats.com\/stamppot-with-curly-kale-and-rookworst-1128837",
      "strImageSource": null,
      "strCreativeCommonsConfirmed": null,
      "dateModified": null
    },
    {
      "idMeal": "52769",
      "strMeal": "Kapsalon",
      "strDrinkAlternate": null,
      "strCategory": "Lamb",
      "strArea": "Dutch",
      "strInstructions": "Cut the meat into strips. Heat oil in a pan and fry the strips for 6 minutes until it's ready.\r\nBake the fries until golden brown in a deep fryrer. When ready transfer to a backing dish. Make sure the fries are spread over the whole dish.\r\nCover the fries with a new layer of meat and spread evenly.\r\nAdd a layer of cheese over the meat. You can also use grated cheese. When done put in the oven for a few minutes until the cheese is melted.\r\nChop the lettuce, tomato and cucumber in small pieces and mix together. for a basic salad. As extra you can add olives jalapenos and a red union.\r\nDived the salad over the dish and Serve with garlicsauce and hot sauce",
      "strMealThumb": "https:\/\/www.themealdb.com\/images\/media\/meals\/sxysrt1468240488.jpg",
      "strTags": "Snack",
      "strYoutube": "https:\/\/www.youtube.com\/watch?v=UIcuiU1kV8I",
      "strIngredient1": "Fries",
      "strIngredient2": "Doner Meat",
      "strIngredient3": "Garlic sauce",
      "strIngredient4": "Hotsauce",
      "strIngredient5": "Lettuce",
      "strIngredient6": "Tomato",
      "strIngredient7": "Cucumber",
      "strIngredient8": "Gouda cheese",
      "strIngredient9": "",
      "strIngredient10": "",
      "strIngredient11": "",
      "strIngredient12": "",
      "strIngredient13": "",
      "strIngredient14": "",
      "strIngredient15": "",
      "strIngredient16": null,
      "strIngredient17": null,
      "strIngredient18": null,
      "strIngredient19": null,
      "strIngredient20": null,
      "strMeasure1": "250 Grams",
      "strMeasure2": "500 Grams",
      "strMeasure3": "Topping",
      "strMeasure4": "Topping",
      "strMeasure5": "1 Bulb",
      "strMeasure6": "1",
      "strMeasure7": "3rd",
      "strMeasure8": "100 Grams",
      "strMeasure9": "",
      "strMeasure10": "",
      "strMeasure11": "",
      "strMeasure12": "",
      "strMeasure13": "",
      "strMeasure14": "",
      "strMeasure15": "",
      "strMeasure16": null,
      "strMeasure17": null,
      "strMeasure18": null,
      "strMeasure19": null,
      "strMeasure20": null,
      "strSource": null,
      "strImageSource": null,
      "strCreativeCommonsConfirmed": null,
      "dateModified": null
    },
    {
      "idMeal": "52887",
      "strMeal": "Kedgeree",
      "strDrinkAlternate": null,
      "strCategory": "Seafood",
      "strArea": "British",
      "strInstructions": "For the rice, heat the oil in a large, lidded pan, add the onion, then gently fry for 5 mins until softened but not coloured. Add the spices, season with salt, then continue to fry until the mix start to go brown and fragrant; about 3 mins.\r\nAdd the rice and stir in well. Add 600ml water, stir, then bring to the boil. Reduce to a simmer, then cover for 10 mins. Take off the heat and leave to stand, covered, for 10-15 mins more. The rice will be perfectly cooked if you do not lift the lid before the end of the cooking.\r\nMeanwhile, put the haddock and bay leaves in a frying pan, cover with the milk, then poach for 10 mins until the flesh flakes. Remove from the milk, peel away the skin, then flake the flesh into thumbsize pieces. Place the eggs in a pan, cover with water, bring to the boil, then reduce to a simmer. Leave for 4\u00bd-5 mins, plunge into cold water, then peel and cut the eggs into quarters. Gently mix the fish, eggs, parsley, coriander and rice together in the pan. Serve hot, sprinkled with a few extra herbs.",
      "strMealThumb": "https:\/\/www.themealdb.com\/images\/media\/meals\/utxqpt1511639216.jpg",
      "strTags": null,
      "strYoutube": "https:\/\/www.youtube.com\/watch?v=_Pw1I1-SItE",
      "strIngredient1": "Smoked Haddock",
      "strIngredient2": "Bay Leaves",
      "strIngredient3": "Milk",
      "strIngredient4": "Eggs",
      "strIngredient5": "Parsley",
      "strIngredient6": "Coriander",
      "strIngredient7": "Vegetable Oil",
      "strIngredient8": "Onion",
      "strIngredient9": "Coriander",
      "strIngredient10": "Curry Powder",
      "strIngredient11": "Rice",
      "strIngredient12": "",
      "strIngredient13": "",
      "strIngredient14": "",
      "strIngredient15": "",
      "strIngredient16": "",
      "strIngredient17": "",
      "strIngredient18": "",
      "strIngredient19": "",
      "strIngredient20": "",
      "strMeasure1": "300g",
      "strMeasure2": "2",
      "strMeasure3": "300ml ",
      "strMeasure4": "4",
      "strMeasure5": "Handful",
      "strMeasure6": "Handful",
      "strMeasure7": "2 tbs",
      "strMeasure8": "1 chopped",
      "strMeasure9": "1 tsp ",
      "strMeasure10": "2 tsp",
      "strMeasure11": "300g",
      "strMeasure12": "",
      "strMeasure13": "",
      "strMeasure14": "",
      "strMeasure15": "",
      "strMeasure16": "",
      "strMeasure17": "",
      "strMeasure18": "",
      "strMeasure19": "",
      "strMeasure20": "",
      "strSource": "https:\/\/www.bbcgoodfood.com\/recipes\/10421\/kedgeree",
      "strImageSource": null,
      "strCreativeCommonsConfirmed": null,
      "dateModified": null
    },
    {
      "idMeal": "52802",
      "strMeal": "Fish pie",
      "strDrinkAlternate": null,
      "strCategory": "Seafood",
      "strArea": "British",
      "strInstructions": "01.Put the potatoes in a large pan of cold salted water and bring to the boil. Lower the heat, cover, then simmer gently for 15 minutes until tender. Drain, then return to the pan over a low heat for 30 seconds to drive off any excess water. Mash with 1 tbsp olive oil, then season.\r\n02.Meanwhile put the milk in a large saut\u00e9 pan, add the fish and bring to the boil. Remove from the heat, cover and stand for 3 minutes. Remove the fish (reserving the milk) and pat dry with kitchen paper, then gently flake into an ovenproof dish, discarding the skin and any bones.\r\n03.Heat the remaining oil in a pan, stir in the flour and cook for 30 seconds. Gradually stir in 200-250ml of the reserved milk (discard the rest). Grate in nutmeg, season, then bubble until thick. Stir in the cream.\r\n04.Preheat the oven to 190\u00b0C\/fan170\u00b0C\/gas 5. Grate the artichokes and add to the dish with the leek, prawns and herbs. Stir the lemon zest and juice into the sauce, then pour over. Mix gently with a wooden spoon.\r\n05.Spoon the mash onto the fish mixture, then use a fork to make peaks, which will crisp and brown as it cooks. Sprinkle over the cheese, then bake for 35-40 minutes until golden and bubbling. Serve with wilted greens.",
      "strMealThumb": "https:\/\/www.themealdb.com\/images\/media\/meals\/ysxwuq1487323065.jpg",
      "strTags": "Fish,Pie,Breakfast,Baking",
      "strYoutube": "https:\/\/www.youtube.com\/watch?v=2sX4fCgg-UI",
      "strIngredient1": "Floury Potatoes",
      "strIngredient2": "Olive Oil",
      "strIngredient3": "Semi-skimmed Milk",
      "strIngredient4": "White Fish Fillets",
      "strIngredient5": "Plain flour",
      "strIngredient6": "Nutmeg",
      "strIngredient7": "Double Cream",
      "strIngredient8": "Jerusalem Artichokes",
      "strIngredient9": "Leek",
      "strIngredient10": "Prawns",
      "strIngredient11": "Parsley",
      "strIngredient12": "Dill",
      "strIngredient13": "Lemon",
      "strIngredient14": "Gruy\u00e8re",
      "strIngredient15": "Lemon",
      "strIngredient16": "",
      "strIngredient17": "",
      "strIngredient18": "",
      "strIngredient19": "",
      "strIngredient20": "",
      "strMeasure1": "900g",
      "strMeasure2": "2 tbsp",
      "strMeasure3": "600ml",
      "strMeasure4": "800g",
      "strMeasure5": "1 tbsp",
      "strMeasure6": "Grating",
      "strMeasure7": "3 tbsp",
      "strMeasure8": "200g",
      "strMeasure9": "1 finely sliced",
      "strMeasure10": "200g peeled raw",
      "strMeasure11": "Large handful",
      "strMeasure12": "Handful",
      "strMeasure13": "Grated zest of 1",
      "strMeasure14": "25g grated",
      "strMeasure15": "Juice of 1",
      "strMeasure16": "",
      "strMeasure17": "",
      "strMeasure18": "",
      "strMeasure19": "",
      "strMeasure20": "",
      "strSource": "",
      "strImageSource": null,
      "strCreativeCommonsConfirmed": null,
      "dateModified": null
    },
    {
      "idMeal": "52906",
      "strMeal": "Flamiche",
      "strDrinkAlternate": null,
      "strCategory": "Vegetarian",
      "strArea": "French",
      "strInstructions": "For the pastry, sift the flour and salt into the bowl of a food processor, add the butter and lard, then whizz together briefly until the mixture looks like fine breadcrumbs. Tip the mixture into a bowl, then stir in the cheese and enough of the water for the mixture to come together. Tip out onto a lightly floured surface and knead briefly until smooth. Roll out thinly and line a 23cm x 4cm loose-?bottomed fluted flan tin. Prick the base with a fork. Chill for 20 minutes.\r\n02.Melt the 75g butter in a saucepan over a low heat, then add the leeks and the salt. Cover and cook for ?10 minutes until soft. Uncover the pan, increase the heat and cook ?for 2 minutes, stirring occasionally, until the liquid has evaporated. Spoon onto a plate and leave to cool.\r\n03.Preheat the oven to 200\u00b0C\/fan180\u00b0C\/gas 6. Line the pastry case with baking paper and baking beans or rice and blind bake for 15-20 minutes until the edges are biscuit-coloured. Remove the paper and beans\/rice and return the case to the oven for 7-10 minutes until the base is crisp and lightly golden. Remove and set aside. Reduce the oven temperature to 190\u00b0C\/fan170\u00b0C\/gas 5.\r\n04.Put the cr\u00e8me fra\u00eeche into a bowl with the whole egg, egg yolks and nutmeg. Lightly beat together, then season. Stir in the leeks. Spoon ?the mixture into the tart case and bake for 35-40 minutes until set ?and lightly golden. Remove from ?the oven and leave for 10 minutes. Take out of the tin and serve.",
      "strMealThumb": "https:\/\/www.themealdb.com\/images\/media\/meals\/wssvvs1511785879.jpg",
      "strTags": "Tart",
      "strYoutube": "https:\/\/www.youtube.com\/watch?v=vT0q5c880Rg",
      "strIngredient1": "Butter",
      "strIngredient2": "Leek",
      "strIngredient3": "Salt",
      "strIngredient4": "Creme Fraiche",
      "strIngredient5": "Egg",
      "strIngredient6": "Egg Yolks",
      "strIngredient7": "Nutmeg",
      "strIngredient8": "Plain Flour",
      "strIngredient9": "Salt",
      "strIngredient10": "Butter",
      "strIngredient11": "Lard",
      "strIngredient12": "Cheddar Cheese",
      "strIngredient13": "Water",
      "strIngredient14": "",
      "strIngredient15": "",
      "strIngredient16": "",
      "strIngredient17": "",
      "strIngredient18": "",
      "strIngredient19": "",
      "strIngredient20": "",
      "strMeasure1": "75g",
      "strMeasure2": "1kg",
      "strMeasure3": "\u00bd tsp",
      "strMeasure4": "300ml ",
      "strMeasure5": "1",
      "strMeasure6": "3",
      "strMeasure7": "\u00bc teaspoon",
      "strMeasure8": "225g",
      "strMeasure9": "\u00bd tsp",
      "strMeasure10": "60g",
      "strMeasure11": "60g",
      "strMeasure12": "50g",
      "strMeasure13": "2 tbs",
      "strMeasure14": "",
      "strMeasure15": "",
      "strMeasure16": "",
      "strMeasure17": "",
      "strMeasure18": "",
      "strMeasure19": "",
      "strMeasure20": "",
      "strSource": "http:\/\/www.deliciousmagazine.co.uk\/recipes\/flamiche-flemish-leek-tart\/",
      "strImageSource": null,
      "strCreativeCommonsConfirmed": null,
      "dateModified": null
    },
    {
      "idMeal": "52854",
      "strMeal": "Pancakes",
      "strDrinkAlternate": null,
      "strCategory": "Dessert",
      "strArea": "American",
      "strInstructions": "Put the flour, eggs, milk, 1 tbsp oil and a pinch of salt into a bowl or large jug, then whisk to a smooth batter. Set aside for 30 mins to rest if you have time, or start cooking straight away.\r\nSet a medium frying pan or cr\u00eape pan over a medium heat and carefully wipe it with some oiled kitchen paper. When hot, cook your pancakes for 1 min on each side until golden, keeping them warm in a low oven as you go.\r\nServe with lemon wedges and sugar, or your favourite filling. Once cold, you can layer the pancakes between baking parchment, then wrap in cling film and freeze for up to 2 months.",
      "strMealThumb": "https:\/\/www.themealdb.com\/images\/media\/meals\/rwuyqx1511383174.jpg",
      "strTags": "Breakfast,Desert,Sweet,Fruity",
      "strYoutube": "https:\/\/www.youtube.com\/watch?v=LWuuCndtJr0",
      "strIngredient1": "Flour",
      "strIngredient2": "Eggs",
      "strIngredient3": "Milk",
      "strIngredient4": "Sunflower Oil",
      "strIngredient5": "Sugar",
      "strIngredient6": "Raspberries",
      "strIngredient7": "Blueberries",
      "strIngredient8": "",
      "strIngredient9": "",
      "strIngredient10": "",
      "strIngredient11": "",
      "strIngredient12": "",
      "strIngredient13": "",
      "strIngredient14": "",
      "strIngredient15": "",
      "strIngredient16": "",
      "strIngredient17": "",
      "strIngredient18": "",
      "strIngredient19": "",
      "strIngredient20": "",
      "strMeasure1": "100g ",
      "strMeasure2": "2 large",
      "strMeasure3": "300ml ",
      "strMeasure4": "1 tbls",
      "strMeasure5": "to serve",
      "strMeasure6": "to serve",
      "strMeasure7": "to serve",
      "strMeasure8": "",
      "strMeasure9": "",
      "strMeasure10": "",
      "strMeasure11": "",
      "strMeasure12": "",
      "strMeasure13": "",
      "strMeasure14": "",
      "strMeasure15": "",
      "strMeasure16": "",
      "strMeasure17": "",
      "strMeasure18": "",
      "strMeasure19": "",
      "strMeasure20": "",
      "strSource": "https:\/\/www.bbcgoodfood.com\/recipes\/2907669\/easy-pancakes",
      "strImageSource": null,
      "strCreativeCommonsConfirmed": null,
      "dateModified": null
    },
    {
      "idMeal": "53006",
      "strMeal": "Moussaka",
      "strDrinkAlternate": null,
      "strCategory": "Beef",
      "strArea": "Greek",
      "strInstructions": "Heat the grill to high. Brown the beef in a deep ovenproof frying pan over a high heat for 5 mins. Meanwhile, prick the aubergine with a fork, then microwave on High for 3-5 mins until soft. Mix the yogurt, egg and parmesan together, then add a little seasoning.\r\n\r\nStir the tomatoes, pur\u00e9e and potatoes in with the beef with some seasoning and heat through. Smooth the surface of the beef mixture with the back of a spoon, then slice the cooked aubergine and arrange on top. Pour the yogurt mixture over the aubergines, smooth out evenly, then grill until the topping has set and turned golden.",
      "strMealThumb": "https:\/\/www.themealdb.com\/images\/media\/meals\/ctg8jd1585563097.jpg",
      "strTags": null,
      "strYoutube": "https:\/\/www.youtube.com\/watch?v=8U_29i9Qp5U",
      "strIngredient1": "Beef",
      "strIngredient2": "Aubergine",
      "strIngredient3": "Greek Yogurt",
      "strIngredient4": "Egg",
      "strIngredient5": "Parmesan",
      "strIngredient6": "Tomato",
      "strIngredient7": "Tomato Puree",
      "strIngredient8": "Potatoes",
      "strIngredient9": "",
      "strIngredient10": "",
      "strIngredient11": "",
      "strIngredient12": "",
      "strIngredient13": "",
      "strIngredient14": "",
      "strIngredient15": "",
      "strIngredient16": "",
      "strIngredient17": "",
      "strIngredient18": "",
      "strIngredient19": "",
      "strIngredient20": "",
      "strMeasure1": "500g",
      "strMeasure2": "1 large",
      "strMeasure3": "150g",
      "strMeasure4": "1 beaten",
      "strMeasure5": "3 tbs",
      "strMeasure6": "400g",
      "strMeasure7": "4 tbs",
      "strMeasure8": "350g",
      "strMeasure9": " ",
      "strMeasure10": " ",
      "strMeasure11": " ",
      "strMeasure12": " ",
      "strMeasure13": " ",
      "strMeasure14": " ",
      "strMeasure15": " ",
      "strMeasure16": " ",
      "strMeasure17": " ",
      "strMeasure18": " ",
      "strMeasure19": " ",
      "strMeasure20": " ",
      "strSource": "https:\/\/www.bbcgoodfood.com\/recipes\/must-make-moussaka",
      "strImageSource": null,
      "strCreativeCommonsConfirmed": null,
      "dateModified": null
    },
    {
      "idMeal": "52791",
      "strMeal": "Eton Mess",
      "strDrinkAlternate": null,
      "strCategory": "Dessert",
      "strArea": "British",
      "strInstructions": "Pur\u00e9e half the strawberries in a blender. Chop the remaining strawberries, reserving four for decoration.\r\nWhip the double cream until stiff peaks form, then fold in the strawberry pur\u00e9e and crushed meringue. Fold in the chopped strawberries and ginger cordial, if using.\r\nSpoon equal amounts of the mixture into four cold wine glasses. Serve garnished with the remaining strawberries and a sprig of mint.",
      "strMealThumb": "https:\/\/www.themealdb.com\/images\/media\/meals\/uuxwvq1483907861.jpg",
      "strTags": "Dairy,Fruity,Desert,Treat,Speciality",
      "strYoutube": "https:\/\/www.youtube.com\/watch?v=43WgiNq54L8",
      "strIngredient1": "strawberries",
      "strIngredient2": "double cream",
      "strIngredient3": "meringue nests",
      "strIngredient4": "ginger cordial",
      "strIngredient5": "Mint",
      "strIngredient6": "",
      "strIngredient7": "",
      "strIngredient8": "",
      "strIngredient9": "",
      "strIngredient10": "",
      "strIngredient11": "",
      "strIngredient12": "",
      "strIngredient13": "",
      "strIngredient14": "",
      "strIngredient15": "",
      "strIngredient16": "",
      "strIngredient17": "",
      "strIngredient18": "",
      "strIngredient19": "",
      "strIngredient20": "",
      "strMeasure1": "500g",
      "strMeasure2": "400ml",
      "strMeasure3": "3 x 7.5cm",
      "strMeasure4": "1 tbsp",
      "strMeasure5": "sprigs of fresh",
      "strMeasure6": "",
      "strMeasure7": "",
      "strMeasure8": "",
      "strMeasure9": "",
      "strMeasure10": "",
      "strMeasure11": "",
      "strMeasure12": "",
      "strMeasure13": "",
      "strMeasure14": "",
      "strMeasure15": "",
      "strMeasure16": "",
      "strMeasure17": "",
      "strMeasure18": "",
      "strMeasure19": "",
      "strMeasure20": "",
      "strSource": "",
      "strImageSource": null,
      "strCreativeCommonsConfirmed": null,
      "dateModified": null
    },
    {
      "idMeal": "52871",
      "strMeal": "Yaki Udon",
      "strDrinkAlternate": null,
      "strCategory": "Vegetarian",
      "strArea": "Japanese",
      "strInstructions": "Boil some water in a large saucepan. Add 250ml cold water and the udon noodles. (As they are so thick, adding cold water helps them to cook a little bit slower so the middle cooks through). If using frozen or fresh noodles, cook for 2 mins or until al dente; dried will take longer, about 5-6 mins. Drain and leave in the colander.\r\nHeat 1 tbsp of the oil, add the onion and cabbage and saut\u00e9 for 5 mins until softened. Add the mushrooms and some spring onions, and saut\u00e9 for 1 more min. Pour in the remaining sesame oil and the noodles. If using cold noodles, let them heat through before adding the ingredients for the sauce \u2013 otherwise tip in straight away and keep stir-frying until sticky and piping hot. Sprinkle with the remaining spring onions.",
      "strMealThumb": "https:\/\/www.themealdb.com\/images\/media\/meals\/wrustq1511475474.jpg",
      "strTags": "LowCalorie",
      "strYoutube": "https:\/\/www.youtube.com\/watch?v=5Iy0MCowSvA",
      "strIngredient1": "Udon Noodles",
      "strIngredient2": "Sesame Seed Oil",
      "strIngredient3": "Onion",
      "strIngredient4": "Cabbage",
      "strIngredient5": "Shiitake Mushrooms",
      "strIngredient6": "Spring Onions",
      "strIngredient7": "Mirin",
      "strIngredient8": "Soy Sauce",
      "strIngredient9": "Caster Sugar",
      "strIngredient10": "Worcestershire Sauce",
      "strIngredient11": "",
      "strIngredient12": "",
      "strIngredient13": "",
      "strIngredient14": "",
      "strIngredient15": "",
      "strIngredient16": "",
      "strIngredient17": "",
      "strIngredient18": "",
      "strIngredient19": "",
      "strIngredient20": "",
      "strMeasure1": "250g",
      "strMeasure2": "2 tbs",
      "strMeasure3": "1 sliced",
      "strMeasure4": "0.25",
      "strMeasure5": "10",
      "strMeasure6": "4",
      "strMeasure7": "4 tbsp",
      "strMeasure8": "2 tbs",
      "strMeasure9": "1 tblsp ",
      "strMeasure10": "1 tblsp ",
      "strMeasure11": "",
      "strMeasure12": "",
      "strMeasure13": "",
      "strMeasure14": "",
      "strMeasure15": "",
      "strMeasure16": "",
      "strMeasure17": "",
      "strMeasure18": "",
      "strMeasure19": "",
      "strMeasure20": "",
      "strSource": "https:\/\/www.bbcgoodfood.com\/recipes\/yaki-udon",
      "strImageSource": null,
      "strCreativeCommonsConfirmed": null,
      "dateModified": null
    },
    {
      "idMeal": "53052",
      "strMeal": "Roti john",
      "strDrinkAlternate": null,
      "strCategory": "Beef",
      "strArea": "Malaysian",
      "strInstructions": "Mix all the ingredients in a bowl.\r\nHeat a pan or griddle with a little vegetable oil.\r\nPour the mixture onto the pan and place a piece of open-faced baguette on top.\r\nPress on the bread with a spatula and grill for 2 minutes.\r\nTurn the bread over to make it a little crispy.\r\nRemove from pan and cut the bread into small portions.\r\nAdd mayonnaise and\/or Sambal before cutting the sandwich (optional).",
      "strMealThumb": "https:\/\/www.themealdb.com\/images\/media\/meals\/hx335q1619789561.jpg",
      "strTags": null,
      "strYoutube": "https:\/\/www.youtube.com\/watch?v=cl4YH8wblRs",
      "strIngredient1": "Minced Beef",
      "strIngredient2": "Onion",
      "strIngredient3": "Eggs",
      "strIngredient4": "Chilli",
      "strIngredient5": "Baguette",
      "strIngredient6": "Salt",
      "strIngredient7": "Pepper",
      "strIngredient8": "Mayonnaise",
      "strIngredient9": "",
      "strIngredient10": "",
      "strIngredient11": "",
      "strIngredient12": "",
      "strIngredient13": "",
      "strIngredient14": "",
      "strIngredient15": "",
      "strIngredient16": "",
      "strIngredient17": "",
      "strIngredient18": "",
      "strIngredient19": "",
      "strIngredient20": "",
      "strMeasure1": "1\/4 lb",
      "strMeasure2": "1",
      "strMeasure3": "3",
      "strMeasure4": "1 tbs",
      "strMeasure5": "1\/2 ",
      "strMeasure6": "To taste",
      "strMeasure7": "To taste",
      "strMeasure8": "Top",
      "strMeasure9": " ",
      "strMeasure10": " ",
      "strMeasure11": " ",
      "strMeasure12": " ",
      "strMeasure13": " ",
      "strMeasure14": " ",
      "strMeasure15": " ",
      "strMeasure16": " ",
      "strMeasure17": " ",
      "strMeasure18": " ",
      "strMeasure19": " ",
      "strMeasure20": " ",
      "strSource": "https:\/\/www.196flavors.com\/malaysia-roti-john\/",
      "strImageSource": null,
      "strCreativeCommonsConfirmed": null,
      "dateModified": null
    }
  ]
}